name,status,institution,field,freq,impact,annual,total,hits,href
공존협력연구 (Jurnal of Coexistence and Collaboration),,한국방송통신대학교 산학협력단 공존협력연구소,,연2회,0,발행논문 : 연간 0건,총 논문 : 0건,국방,https://www.kci.go.kr/kciportal/ci/seriesSearch/ciSereInfoView.kci?sereSearBean.insiId=INS000011409&sereSearBean.sereId=SER000003860
Asia Business and Service Innovation (Asia Business and Service Innovation),,외식서비스경영학회,경영전략/정책,연2회,0,발행논문 : 연간 0건,총 논문 : 0건,정책;전략,https://www.kci.go.kr/kciportal/ci/seriesSearch/ciSereInfoView.kci?sereSearBean.insiId=INS000069252&sereSearBean.sereId=SER000006868
산업혁신연구,KCI 등재,경성대학교 산업개발연구소,경영전략/정책,연4회,3.34,발행논문 : 연간 51건,총 논문 : 960건,정책;전략,https://www.kci.go.kr/kciportal/ci/seriesSearch/ciSereInfoView.kci?sereSearBean.insiId=INS000003440&sereSearBean.sereId=SER000011990
산업혁신연구 (Journal of Industrial Innovation),KCI 등재,경성대학교 산업개발연구소,경영전략/정책,연4회,3.34,발행논문 : 연간 51건,총 논문 : 960건,정책;전략,https://www.kci.go.kr/kciportal/ci/seriesSearch/ciSereInfoView.kci?sereSearBean.insiId=INS000003440&sereSearBean.sereId=SER000011990
Jouranl of Information Technology Applications & Management (Journal of Information Technology Applications & Management),,한국정보기술응용학회,경영정보시스템,연4회,0.67,발행논문 : 연간 0건,총 논문 : 0건,국정,https://www.kci.go.kr/kciportal/ci/seriesSearch/ciSereInfoView.kci?sereSearBean.insiId=INS000001755&sereSearBean.sereId=SER000009998
Journal of Information Technology Applications & Management (Journal of Information Technology Applications & Management),KCI 등재,한국데이터전략학회,경영학,연6회,0.67,발행논문 : 연간 41건,"총 논문 : 1,036건",전략,https://www.kci.go.kr/kciportal/ci/seriesSearch/ciSereInfoView.kci?sereSearBean.insiId=INS000000014&sereSearBean.sereId=000870
Journal of Information Technology Applications & Menagement (Journal of Information Technology Applications & Menagement),KCI 등재,한국데이터전략학회,경영학,연6회,0.67,발행논문 : 연간 41건,"총 논문 : 1,036건",전략,https://www.kci.go.kr/kciportal/ci/seriesSearch/ciSereInfoView.kci?sereSearBean.insiId=INS000000014&sereSearBean.sereId=000870
광고연구 (Advertising Research),,한국방송광고공사,경영학,연4회,0,발행논문 : 연간 36건,총 논문 : 290건,국방,https://www.kci.go.kr/kciportal/ci/seriesSearch/ciSereInfoView.kci?sereSearBean.insiId=INS000002583&sereSearBean.sereId=000222
전략경영연구 (Journal of Strategic Management),KCI 등재,한국전략경영학회,경영학,연3회,0.81,발행논문 : 연간 13건,총 논문 : 317건,전략,https://www.kci.go.kr/kciportal/ci/seriesSearch/ciSereInfoView.kci?sereSearBean.insiId=INS000001631&sereSearBean.sereId=001201
정보시스템연구 (The Journal of Information Systems),KCI 등재,한국정보시스템학회,경영학,연4회,1.24,발행논문 : 연간 36건,총 논문 : 896건,국정,https://www.kci.go.kr/kciportal/ci/seriesSearch/ciSereInfoView.kci?sereSearBean.insiId=INS000000729&sereSearBean.sereId=001596
해양리더십융합연구 (Journal of Maritime Leadership and Convergence Studies),,해군리더십센터,경영학,연2회,0,발행논문 : 연간 0건,총 논문 : 0건,군,https://www.kci.go.kr/kciportal/ci/seriesSearch/ciSereInfoView.kci?sereSearBean.insiId=INS000081784&sereSearBean.sereId=SER000006873
미래성장연구 (Future Growth Studies),KCI 등재,고려대학교 미래성장연구원,경제정책,연2회,0.75,발행논문 : 연간 7건,총 논문 : 85건,정책,https://www.kci.go.kr/kciportal/ci/seriesSearch/ciSereInfoView.kci?sereSearBean.insiId=INS000011490&sereSearBean.sereId=SER000004477
산업연구(JIET) (Journal of Industrial Economics and Trade),KCI 등재,산업연구원,경제정책,연2회,0.75,발행논문 : 연간 9건,총 논문 : 93건,정책,https://www.kci.go.kr/kciportal/ci/seriesSearch/ciSereInfoView.kci?sereSearBean.insiId=INS000046816&sereSearBean.sereId=SER000005103
예산정책연구 (Journal of Budget and Policy),KCI 등재,국회예산정책처,경제정책,연4회,0.46,발행논문 : 연간 16건,총 논문 : 235건,정책,https://www.kci.go.kr/kciportal/ci/seriesSearch/ciSereInfoView.kci?sereSearBean.insiId=INS000041883&sereSearBean.sereId=SER000004172
East Asian Economic Review (East Asian Economic Review),KCI 등재,대외경제정책연구원,경제학,연4회,0.28,발행논문 : 연간 16건,총 논문 : 467건,정책,https://www.kci.go.kr/kciportal/ci/seriesSearch/ciSereInfoView.kci?sereSearBean.insiId=INS000002575&sereSearBean.sereId=001399
Journal of East Asian Economic Integration (Journal of East Asian Economic Integration),KCI 등재,대외경제정책연구원,경제학,연4회,0.28,발행논문 : 연간 16건,총 논문 : 467건,정책,https://www.kci.go.kr/kciportal/ci/seriesSearch/ciSereInfoView.kci?sereSearBean.insiId=INS000002575&sereSearBean.sereId=001399
KDI정책연구,KCI 등재,한국개발연구원,경제학,연4회,0.08,발행논문 : 연간 15건,총 논문 : 386건,정책,https://www.kci.go.kr/kciportal/ci/seriesSearch/ciSereInfoView.kci?sereSearBean.insiId=INS000002605&sereSearBean.sereId=001088
공공경제,,한국재정학회,경제학,연2회,0,발행논문 : 연간 16건,총 논문 : 95건,공공,https://www.kci.go.kr/kciportal/ci/seriesSearch/ciSereInfoView.kci?sereSearBean.insiId=INS000000540&sereSearBean.sereId=000484
대외경제연구 (Journal of East Asian Economic Integration),KCI 등재,대외경제정책연구원,경제학,연4회,0.28,발행논문 : 연간 16건,총 논문 : 467건,정책,https://www.kci.go.kr/kciportal/ci/seriesSearch/ciSereInfoView.kci?sereSearBean.insiId=INS000002575&sereSearBean.sereId=001399
대외경제연구 (Journal of International Economic Studies),KCI 등재,대외경제정책연구원,경제학,연4회,0.28,발행논문 : 연간 16건,총 논문 : 467건,정책,https://www.kci.go.kr/kciportal/ci/seriesSearch/ciSereInfoView.kci?sereSearBean.insiId=INS000002575&sereSearBean.sereId=001399
재정정책논집,KCI 등재,한국재정정책학회,경제학,연4회,0.35,발행논문 : 연간 20건,총 논문 : 426건,정책,https://www.kci.go.kr/kciportal/ci/seriesSearch/ciSereInfoView.kci?sereSearBean.insiId=INS000001612&sereSearBean.sereId=002107
재정정책논집 (The Journal of Korean Public Policy),KCI 등재,한국재정정책학회,경제학,연4회,0.35,발행논문 : 연간 20건,총 논문 : 426건,정책,https://www.kci.go.kr/kciportal/ci/seriesSearch/ciSereInfoView.kci?sereSearBean.insiId=INS000001612&sereSearBean.sereId=002107
지역개발전략연구,,남서울대학교 상경연구소,경제학,연2회,0,발행논문 : 연간 8건,총 논문 : 23건,전략,https://www.kci.go.kr/kciportal/ci/seriesSearch/ciSereInfoView.kci?sereSearBean.insiId=INS000006796&sereSearBean.sereId=SER000001404
한국지방재정논집 (The Korea Journal of Local Finance),KCI 등재,한국지방재정학회,경제학,연3회,1.33,발행논문 : 연간 16건,총 논문 : 391건,지방,https://www.kci.go.kr/kciportal/ci/seriesSearch/ciSereInfoView.kci?sereSearBean.insiId=INS000000925&sereSearBean.sereId=000857
한국지방재정논집 (The Korea Journal of Local Public Finance),KCI 등재,한국지방재정학회,경제학,연3회,1.33,발행논문 : 연간 16건,총 논문 : 391건,지방,https://www.kci.go.kr/kciportal/ci/seriesSearch/ciSereInfoView.kci?sereSearBean.insiId=INS000000925&sereSearBean.sereId=000857
국가전략연구 (National Strategy Research),,세종대학교 국가전략연구소,경제학일반,연2회,0,발행논문 : 연간 0건,총 논문 : 0건,전략;국가전략,https://www.kci.go.kr/kciportal/ci/seriesSearch/ciSereInfoView.kci?sereSearBean.insiId=INS000010553&sereSearBean.sereId=SER000005442
경찰학논총,,원광대학교 경찰학연구소,경찰행정,연4회,0,발행논문 : 연간 28건,총 논문 : 417건,행정;경찰,https://www.kci.go.kr/kciportal/ci/seriesSearch/ciSereInfoView.kci?sereSearBean.insiId=INS000006133&sereSearBean.sereId=SER000001331
경찰학논총 (The Police Science Journal),,원광대학교 경찰학연구소,경찰행정,연4회,0,발행논문 : 연간 28건,총 논문 : 417건,행정;경찰,https://www.kci.go.kr/kciportal/ci/seriesSearch/ciSereInfoView.kci?sereSearBean.insiId=INS000006133&sereSearBean.sereId=SER000001331
범죄와 경찰정책학회보 (Journal of Crime and Police Policy),,범죄와 경찰정책학회,경찰행정,연2회,0,발행논문 : 연간 0건,총 논문 : 0건,행정;정책;경찰,https://www.kci.go.kr/kciportal/ci/seriesSearch/ciSereInfoView.kci?sereSearBean.insiId=INS000073187&sereSearBean.sereId=SER000006287
치안정책연구,KCI 등재,경찰대학 치안정책연구소,경찰행정,연4회,1.08,발행논문 : 연간 29건,총 논문 : 519건,행정;정책;경찰;치안,https://www.kci.go.kr/kciportal/ci/seriesSearch/ciSereInfoView.kci?sereSearBean.insiId=INS000007524&sereSearBean.sereId=SER000001509
치안정책연구 (The Journal of Police Policies),KCI 등재,경찰대학 치안정책연구소,경찰행정,연4회,1.08,발행논문 : 연간 29건,총 논문 : 519건,행정;정책;경찰;치안,https://www.kci.go.kr/kciportal/ci/seriesSearch/ciSereInfoView.kci?sereSearBean.insiId=INS000007524&sereSearBean.sereId=SER000001509
한국경찰발전연구학회보 (Korean Police Studies Review),KCI 등재,한국경찰연구학회,경찰행정,연4회,1.24,발행논문 : 연간 39건,총 논문 : 829건,행정;경찰,https://www.kci.go.kr/kciportal/ci/seriesSearch/ciSereInfoView.kci?sereSearBean.insiId=INS000000295&sereSearBean.sereId=001889
한국경찰연구 (Korean Police Studies Review),KCI 등재,한국경찰연구학회,경찰행정,연4회,1.24,발행논문 : 연간 39건,총 논문 : 829건,행정;경찰,https://www.kci.go.kr/kciportal/ci/seriesSearch/ciSereInfoView.kci?sereSearBean.insiId=INS000000295&sereSearBean.sereId=001889
한국경찰학회보 (The Korean Association of Police Science Review),KCI 등재,한국경찰학회,경찰행정,연6회,1.58,발행논문 : 연간 41건,"총 논문 : 1,138건",행정;경찰,https://www.kci.go.kr/kciportal/ci/seriesSearch/ciSereInfoView.kci?sereSearBean.insiId=INS000001821&sereSearBean.sereId=002121
한국민간경비학회보 (Journal of The Korean Society of Private Security),KCI 등재,한국민간경비학회,경찰행정,연4회,0.72,발행논문 : 연간 41건,총 논문 : 661건,행정;경찰,https://www.kci.go.kr/kciportal/ci/seriesSearch/ciSereInfoView.kci?sereSearBean.insiId=INS000002204&sereSearBean.sereId=SER000010424
한국범죄심리연구 (Korean Criminal Psychology Review),KCI 등재,한국범죄심리학회,경찰행정,연4회,0.93,발행논문 : 연간 34건,총 논문 : 709건,행정;경찰,https://www.kci.go.kr/kciportal/ci/seriesSearch/ciSereInfoView.kci?sereSearBean.insiId=INS000002174&sereSearBean.sereId=SER000010388
한국범죄학,KCI 등재,대한범죄학회,경찰행정,연3회,1.4,발행논문 : 연간 21건,총 논문 : 351건,행정;경찰,https://www.kci.go.kr/kciportal/ci/seriesSearch/ciSereInfoView.kci?sereSearBean.insiId=INS000002207&sereSearBean.sereId=SER000002223
한국범죄학 (Journal of Korean Criminological Association),KCI 등재,대한범죄학회,경찰행정,연3회,1.4,발행논문 : 연간 21건,총 논문 : 351건,행정;경찰,https://www.kci.go.kr/kciportal/ci/seriesSearch/ciSereInfoView.kci?sereSearBean.insiId=INS000002207&sereSearBean.sereId=SER000002223
한국치안행정논집 (Journal of Korean Public Police and Security Studies),KCI 등재,한국치안행정학회,경찰행정,연4회,1.53,발행논문 : 연간 42건,총 논문 : 801건,행정;경찰;치안,https://www.kci.go.kr/kciportal/ci/seriesSearch/ciSereInfoView.kci?sereSearBean.insiId=INS000002531&sereSearBean.sereId=SER000001384
한국해양경찰학회보 (Korean Association of Maritime Police Science),KCI 등재,한국해양경찰학회,경찰행정,연4회,0.45,발행논문 : 연간 26건,총 논문 : 419건,행정;경찰,https://www.kci.go.kr/kciportal/ci/seriesSearch/ciSereInfoView.kci?sereSearBean.insiId=INS000008671&sereSearBean.sereId=SER000003289
형사사법연구 (Korean Journal of Criminal Justice),,동국대학교 경찰범죄연구소,경찰행정,연2회,0,발행논문 : 연간 0건,총 논문 : 0건,행정;경찰,https://www.kci.go.kr/kciportal/ci/seriesSearch/ciSereInfoView.kci?sereSearBean.insiId=INS000010017&sereSearBean.sereId=SER000003930
대학과 정책 (Journal of University Policies),,대학정책학회,고등교육,연1회,0,발행논문 : 연간 0건,총 논문 : 0건,정책,https://www.kci.go.kr/kciportal/ci/seriesSearch/ciSereInfoView.kci?sereSearBean.insiId=INS000072292&sereSearBean.sereId=SER000006475
Capacity Building on Climate Change series vol.3,,고려대학교 세계지역연구소,과학기술/정보통신정책,연3회,0,발행논문 : 연간 0건,총 논문 : 0건,정책,https://www.kci.go.kr/kciportal/ci/seriesSearch/ciSereInfoView.kci?sereSearBean.insiId=INS000008282&sereSearBean.sereId=SER000005521
이브릿지 (e-Bridge),,한국정보처리학회,과학기술/정보통신정책,연2회,0,발행논문 : 연간 0건,총 논문 : 0건,정책;국정,https://www.kci.go.kr/kciportal/ci/seriesSearch/ciSereInfoView.kci?sereSearBean.insiId=INS000000930&sereSearBean.sereId=SER000004217
고등교육정책연구 (Journal of Higher Education Policy),,고려대학교 고등교육정책연구소,교육학,연2회,0,발행논문 : 연간 0건,총 논문 : 0건,정책,https://www.kci.go.kr/kciportal/ci/seriesSearch/ciSereInfoView.kci?sereSearBean.insiId=INS000006892&sereSearBean.sereId=SER000002491
공공 인적자원과 정책 (Public HRD & Policy),,국가공무원인재개발원,교육학,연2회,0,발행논문 : 연간 0건,총 논문 : 0건,정책;공공,https://www.kci.go.kr/kciportal/ci/seriesSearch/ciSereInfoView.kci?sereSearBean.insiId=INS000008160&sereSearBean.sereId=SER000001810
교육행정학연구 (The Journal of Educational Administration),KCI 등재,한국교육행정학회,교육학,연5회,2.34,발행논문 : 연간 64건,"총 논문 : 1,604건",행정,https://www.kci.go.kr/kciportal/ci/seriesSearch/ciSereInfoView.kci?sereSearBean.insiId=INS000000708&sereSearBean.sereId=000511
방과후학교연구 (The Journal of After-School Research),KCI 등재,한국방과후학교학회,교육학,연3회,1.06,발행논문 : 연간 15건,총 논문 : 91건,국방,https://www.kci.go.kr/kciportal/ci/seriesSearch/ciSereInfoView.kci?sereSearBean.insiId=INS000041568&sereSearBean.sereId=SER000004517
사이버교육연구 (Journal of Cyber Education),,한양사이버대학교 종합연구원,교육학,연2회,0,발행논문 : 연간 7건,총 논문 : 14건,사이버,https://www.kci.go.kr/kciportal/ci/seriesSearch/ciSereInfoView.kci?sereSearBean.insiId=INS000005209&sereSearBean.sereId=SER000001844
정신전력연구 (Journal of Spiritual & Mental Force Enhancement),KCI 등재,국방정신전력원,교육학,연4회,0.74,발행논문 : 연간 23건,총 논문 : 185건,국방,https://www.kci.go.kr/kciportal/ci/seriesSearch/ciSereInfoView.kci?sereSearBean.insiId=INS000063566&sereSearBean.sereId=SER000005143
통일교육연구 (Korean Journal of Reunification Education),KCI 등재,한국통일교육학회,교육학,연2회,1.15,발행논문 : 연간 9건,총 논문 : 66건,통일,https://www.kci.go.kr/kciportal/ci/seriesSearch/ciSereInfoView.kci?sereSearBean.insiId=INS000059591&sereSearBean.sereId=SER000005569
평생학습사회,KCI 등재,한국방송통신대학교 원격교육혁신연구원,교육학,연4회,1.68,발행논문 : 연간 24건,총 논문 : 528건,국방,https://www.kci.go.kr/kciportal/ci/seriesSearch/ciSereInfoView.kci?sereSearBean.insiId=INS000005328&sereSearBean.sereId=SER000015054
평생학습사회 (Journal of Lifelong Learning Society),KCI 등재,한국방송통신대학교 원격교육혁신연구원,교육학,연4회,1.68,발행논문 : 연간 24건,총 논문 : 528건,국방,https://www.kci.go.kr/kciportal/ci/seriesSearch/ciSereInfoView.kci?sereSearBean.insiId=INS000005328&sereSearBean.sereId=SER000015054
학습전략중재연구 (Journal of Learning Strategy Intervention),,학습전략중재학회,교육학,연2회,0,발행논문 : 연간 0건,총 논문 : 0건,전략,https://www.kci.go.kr/kciportal/ci/seriesSearch/ciSereInfoView.kci?sereSearBean.insiId=INS000008780&sereSearBean.sereId=SER000002652
지방교육경영 (The Journal of Local Education Management),KCI 등재,한국지방교육경영학회,교육학일반,연4회,0.98,발행논문 : 연간 23건,총 논문 : 138건,지방,https://www.kci.go.kr/kciportal/ci/seriesSearch/ciSereInfoView.kci?sereSearBean.insiId=INS000001614&sereSearBean.sereId=SER000009851
교육정치학연구 (The Journal of Politics of Education),KCI 등재,한국교육정치학회,교육행정/경영학,연4회,1.97,발행논문 : 연간 21건,총 논문 : 677건,행정,https://www.kci.go.kr/kciportal/ci/seriesSearch/ciSereInfoView.kci?sereSearBean.insiId=INS000000886&sereSearBean.sereId=SER000009222
교육정치학연구 (The Politics of Education),KCI 등재,한국교육정치학회,교육행정/경영학,연4회,1.97,발행논문 : 연간 21건,총 논문 : 677건,행정,https://www.kci.go.kr/kciportal/ci/seriesSearch/ciSereInfoView.kci?sereSearBean.insiId=INS000000886&sereSearBean.sereId=SER000009222
마케팅논집(Journal of Marketing Studies) (Journal of Marketing Studies),KCI 등재,한국전략마케팅학회,국내마케팅,연4회,1.18,발행논문 : 연간 26건,총 논문 : 566건,전략,https://www.kci.go.kr/kciportal/ci/seriesSearch/ciSereInfoView.kci?sereSearBean.insiId=INS000001927&sereSearBean.sereId=001657
유통물류연구 (Journal of Distribution and Logistics),KCI 등재,한국유통물류정책학회,국내물류/유통,연4회,1.14,발행논문 : 연간 18건,총 논문 : 235건,정책,https://www.kci.go.kr/kciportal/ci/seriesSearch/ciSereInfoView.kci?sereSearBean.insiId=INS000061021&sereSearBean.sereId=SER000004898
JOSS(Journal of Space Security) (JOSS(Journal of Space Security)),,한국우주안보학회,국방/안보정책,연2회,0,발행논문 : 연간 0건,총 논문 : 0건,정책;국방;안보,https://www.kci.go.kr/kciportal/ci/seriesSearch/ciSereInfoView.kci?sereSearBean.insiId=INS000081503&sereSearBean.sereId=SER000006865
국가정보연구 (Journal of National Intelligence Studies),KCI 등재,한국국가정보학회,국방/안보정책,연2회,0.16,발행논문 : 연간 10건,총 논문 : 126건,정책;국방;안보,https://www.kci.go.kr/kciportal/ci/seriesSearch/ciSereInfoView.kci?sereSearBean.insiId=INS000009296&sereSearBean.sereId=SER000003077
국방대학논총 (collection of writings korea national defense university),,국방대학교,국방/안보정책,연1회,0,발행논문 : 연간 0건,총 논문 : 0건,정책;국방;안보,https://www.kci.go.kr/kciportal/ci/seriesSearch/ciSereInfoView.kci?sereSearBean.insiId=INS000067430&sereSearBean.sereId=SER000005623
국방정책연구 (The Quarterly Journal of Defense Policy Studies),KCI 등재,한국국방연구원,국방/안보정책,연4회,1.69,발행논문 : 연간 28건,총 논문 : 607건,정책;국방;안보,https://www.kci.go.kr/kciportal/ci/seriesSearch/ciSereInfoView.kci?sereSearBean.insiId=INS000002627&sereSearBean.sereId=001646
국제군사안보연구 (Journal of International Military Affairs and Security Studies),KCI 등재,대전대학교 국제군사안보연구원,국방/안보정책,연2회,0.5,발행논문 : 연간 11건,총 논문 : 54건,정책;국방;군사;안보;군,https://www.kci.go.kr/kciportal/ci/seriesSearch/ciSereInfoView.kci?sereSearBean.insiId=INS000003484&sereSearBean.sereId=SER000005789
군사과학논집 (Journal of Military Science Research),,공군사관학교 항공우주연구소,국방/안보정책,연2회,0,발행논문 : 연간 0건,총 논문 : 0건,정책;국방;군사;안보;군,https://www.kci.go.kr/kciportal/ci/seriesSearch/ciSereInfoView.kci?sereSearBean.insiId=INS000073505&sereSearBean.sereId=SER000006472
방산안보연구 (Journal of Defense Industrial Security),,명지대학교 방산안보연구소,국방/안보정책,연2회,0,발행논문 : 연간 0건,총 논문 : 0건,정책;국방;안보,https://www.kci.go.kr/kciportal/ci/seriesSearch/ciSereInfoView.kci?sereSearBean.insiId=INS000075043&sereSearBean.sereId=SER000006819
비상대비연구논총,,행정안전부,국방/안보정책,연1회,0,발행논문 : 연간 0건,총 논문 : 0건,행정;정책;국방;안보;안전,https://www.kci.go.kr/kciportal/ci/seriesSearch/ciSereInfoView.kci?sereSearBean.insiId=INS000064848&sereSearBean.sereId=SER000005307
안보군사학연구 (Journal of National Security and Military Science),KCI 등재,대전대학교 국제군사안보연구원,국방/안보정책,연2회,0.5,발행논문 : 연간 11건,총 논문 : 54건,정책;국방;군사;안보;군,https://www.kci.go.kr/kciportal/ci/seriesSearch/ciSereInfoView.kci?sereSearBean.insiId=INS000003484&sereSearBean.sereId=SER000005789
영남국방논총 (Yeungnam National Defense Review),,영남대학교 한국군사문제연구소,국방/안보정책,연1회,0,발행논문 : 연간 0건,총 논문 : 0건,정책;국방;군사;안보;군,https://www.kci.go.kr/kciportal/ci/seriesSearch/ciSereInfoView.kci?sereSearBean.insiId=INS000060335&sereSearBean.sereId=SER000005941
한국국가안보·국민안전학회지 (Korean National Security and Public Safety Association),KCI 등재,한국국가안보·국민안전학회,국방/안보정책,연2회,0.71,발행논문 : 연간 10건,총 논문 : 109건,정책;국방;안보;안전,https://www.kci.go.kr/kciportal/ci/seriesSearch/ciSereInfoView.kci?sereSearBean.insiId=INS000041641&sereSearBean.sereId=SER000004421
한국국방우주학회지 (Journal of korean space association for national defense),,한국국방우주학회,국방/안보정책,연2회,0,발행논문 : 연간 0건,총 논문 : 0건,정책;국방;안보,https://www.kci.go.kr/kciportal/ci/seriesSearch/ciSereInfoView.kci?sereSearBean.insiId=INS000074475&sereSearBean.sereId=SER000006419
국방과 보안 (Journal of Defense and Security),KCI 등재,국방보안연구소,국방정책론,연2회,0.1,발행논문 : 연간 26건,총 논문 : 128건,정책;국방,https://www.kci.go.kr/kciportal/ci/seriesSearch/ciSereInfoView.kci?sereSearBean.insiId=INS000065819&sereSearBean.sereId=SER000005444
Journal of SIGG (Journal of SIGG),,숙명여자대학교 글로벌거버넌스연구소,국제관계/협력,연1회,0,발행논문 : 연간 0건,총 논문 : 0건,거버넌스,https://www.kci.go.kr/kciportal/ci/seriesSearch/ciSereInfoView.kci?sereSearBean.insiId=INS000058103&sereSearBean.sereId=SER000005705
글로벌사우스리뷰 (Review of Global South),,한국외국어대학교 글로벌사우스 포괄안보전략 연구센터,국제정치,연2회,0,발행논문 : 연간 0건,총 논문 : 0건,안보;전략,https://www.kci.go.kr/kciportal/ci/seriesSearch/ciSereInfoView.kci?sereSearBean.insiId=INS000080793&sereSearBean.sereId=SER000006817
한국군사학논집 (Korean Journal of Military Art and Science),KCI 등재,육군사관학교 화랑대연구소,군사이론,연3회,0.66,발행논문 : 연간 35건,총 논문 : 622건,군사;군,https://www.kci.go.kr/kciportal/ci/seriesSearch/ciSereInfoView.kci?sereSearBean.insiId=INS000005755&sereSearBean.sereId=SER000001512
해양안보융합연구 (Maritime Security Studies & Fusion),,해군대학,군사전략술,연4회,0,발행논문 : 연간 0건,총 논문 : 0건,군사;안보;전략;군;해양안보,https://www.kci.go.kr/kciportal/ci/seriesSearch/ciSereInfoView.kci?sereSearBean.insiId=INS000008277&sereSearBean.sereId=SER000002194
軍事學 硏究(Military Science) (The Jounal of Military Science),,서경대학교 군사학연구소,군사학,연2회,0,발행논문 : 연간 0건,총 논문 : 0건,군사;군,https://www.kci.go.kr/kciportal/ci/seriesSearch/ciSereInfoView.kci?sereSearBean.insiId=INS000006845&sereSearBean.sereId=SER000005952
국방과학기술,,국방과학기술연구정보센터,군사학,연4회,0,발행논문 : 연간 0건,총 논문 : 0건,국방;군사;군,https://www.kci.go.kr/kciportal/ci/seriesSearch/ciSereInfoView.kci?sereSearBean.insiId=INS000008935&sereSearBean.sereId=SER000002775
군사발전연구 (Military Research and Development),KCI 등재,조선대학교 군사학연구소,군사학,연3회,0.28,발행논문 : 연간 17건,총 논문 : 100건,군사;군,https://www.kci.go.kr/kciportal/ci/seriesSearch/ciSereInfoView.kci?sereSearBean.insiId=INS000007502&sereSearBean.sereId=SER000002855
원광군사논단,,원광대학교 군사학연구소,군사학,연1회,0,발행논문 : 연간 0건,총 논문 : 0건,군사;군,https://www.kci.go.kr/kciportal/ci/seriesSearch/ciSereInfoView.kci?sereSearBean.insiId=INS000007532&sereSearBean.sereId=SER000003304
창끝전투 (Journal of Small Warfare Society),,(사)창끝전투학회,군사학,연4회,0,발행논문 : 연간 0건,총 논문 : 0건,군사;군,https://www.kci.go.kr/kciportal/ci/seriesSearch/ciSereInfoView.kci?sereSearBean.insiId=INS000077438&sereSearBean.sereId=SER000006638
한국군사학논총 (Review of Korean Military Studies),KCI 등재,미래군사학회,군사학,연4회,0.83,발행논문 : 연간 20건,총 논문 : 304건,군사;군,https://www.kci.go.kr/kciportal/ci/seriesSearch/ciSereInfoView.kci?sereSearBean.insiId=INS000061176&sereSearBean.sereId=SER000004813
한국해군과학기술학회지 (Journal of the Korea Society for Naval Science and technology),KCI 등재,한국해군과학기술학회,군사학,연4회,0.57,발행논문 : 연간 71건,총 논문 : 357건,군사;군,https://www.kci.go.kr/kciportal/ci/seriesSearch/ciSereInfoView.kci?sereSearBean.insiId=INS000064381&sereSearBean.sereId=SER000005924
합동군사연구 (Joint Forces Military Research),,합동군사대학교,군사학,연2회,0,발행논문 : 연간 0건,총 논문 : 0건,군사;군,https://www.kci.go.kr/kciportal/ci/seriesSearch/ciSereInfoView.kci?sereSearBean.insiId=INS000070305&sereSearBean.sereId=SER000005909
대한군진의학학술지 (The Journal of The Korean Military Medicine),KCI 후보,대한군진의학회,군진의학,연2회,0,발행논문 : 연간 14건,총 논문 : 27건,군,https://www.kci.go.kr/kciportal/ci/seriesSearch/ciSereInfoView.kci?sereSearBean.insiId=INS000074598&sereSearBean.sereId=SER000006429
모빌리티연구 (Mobility Research),KCI 등재,한국모빌리티학회,규제행정,연2회,0.44,발행논문 : 연간 9건,총 논문 : 51건,행정;규제,https://www.kci.go.kr/kciportal/ci/seriesSearch/ciSereInfoView.kci?sereSearBean.insiId=INS000070012&sereSearBean.sereId=SER000006270
선진국방연구 (Journal of Advances in Military Studies),KCI 등재,광운대학교 방위사업연구소,기타군사학,연2회,0.49,발행논문 : 연간 12건,총 논문 : 111건,국방;군사;군,https://www.kci.go.kr/kciportal/ci/seriesSearch/ciSereInfoView.kci?sereSearBean.insiId=INS000061692&sereSearBean.sereId=SER000005179
한국군사 (Korea Journal of Military Affairs),KCI 등재,(재)한국군사문제연구원,기타군사학,연2회,1,발행논문 : 연간 14건,총 논문 : 130건,군사;군,https://www.kci.go.kr/kciportal/ci/seriesSearch/ciSereInfoView.kci?sereSearBean.insiId=INS000054293&sereSearBean.sereId=SER000004988
한국방위산업학회지 (Journal of the Korea Association of Defense Industry Studies),KCI 등재,한국방위산업학회,기타군사학,연3회,1.04,발행논문 : 연간 24건,총 논문 : 489건,국방;군사;군,https://www.kci.go.kr/kciportal/ci/seriesSearch/ciSereInfoView.kci?sereSearBean.insiId=INS000007732&sereSearBean.sereId=SER000001543
한일군사문화연구 (Journal of Korean-Japanese Military and Culture),KCI 등재,한일군사문화학회,기타군사학,연3회,0.59,발행논문 : 연간 19건,총 논문 : 448건,군사;군,https://www.kci.go.kr/kciportal/ci/seriesSearch/ciSereInfoView.kci?sereSearBean.insiId=INS000000654&sereSearBean.sereId=SER000009034
군사법연구,,사단법인 한국군사법학회,기타법학,연1회,0,발행논문 : 연간 0건,총 논문 : 0건,군사;군,https://www.kci.go.kr/kciportal/ci/seriesSearch/ciSereInfoView.kci?sereSearBean.insiId=INS000072755&sereSearBean.sereId=SER000006879
범죄수사학연구,KCI 등재,경찰대학 범죄수사연구원,기타법학,연3회,1.28,발행논문 : 연간 19건,총 논문 : 174건,경찰,https://www.kci.go.kr/kciportal/ci/seriesSearch/ciSereInfoView.kci?sereSearBean.insiId=INS000063554&sereSearBean.sereId=SER000005144
법과정책,KCI 등재,제주대학교 법과정책연구원,기타법학,연3회,0.83,발행논문 : 연간 31건,총 논문 : 529건,정책,https://www.kci.go.kr/kciportal/ci/seriesSearch/ciSereInfoView.kci?sereSearBean.insiId=INS000003250&sereSearBean.sereId=SER000011681
법과정책 (Law & Policy Review),KCI 등재,제주대학교 법과정책연구원,기타법학,연3회,0.83,발행논문 : 연간 31건,총 논문 : 529건,정책,https://www.kci.go.kr/kciportal/ci/seriesSearch/ciSereInfoView.kci?sereSearBean.insiId=INS000003250&sereSearBean.sereId=SER000011681
한국항공우주법학회지 (Korean journal of air and space law),KCI 등재,한국항공우주정책⋅법학회,기타법학,연4회,0.43,발행논문 : 연간 18건,총 논문 : 405건,정책,https://www.kci.go.kr/kciportal/ci/seriesSearch/ciSereInfoView.kci?sereSearBean.insiId=INS000001241&sereSearBean.sereId=001781
한국항공우주정책？법학회지 (The Korean Journal of Air & Space Law and Policy),KCI 등재,한국항공우주정책⋅법학회,기타법학,연4회,0.43,발행논문 : 연간 18건,총 논문 : 405건,정책,https://www.kci.go.kr/kciportal/ci/seriesSearch/ciSereInfoView.kci?sereSearBean.insiId=INS000001241&sereSearBean.sereId=001781
항공우주정책 ·법학회지 (The Korean Journal of Air & Space Law and Policy),KCI 등재,한국항공우주정책⋅법학회,기타법학,연4회,0.43,발행논문 : 연간 18건,총 논문 : 405건,정책,https://www.kci.go.kr/kciportal/ci/seriesSearch/ciSereInfoView.kci?sereSearBean.insiId=INS000001241&sereSearBean.sereId=001781
미래사회 (Journal of Future Society),KCI 등재,서울사이버대학교 미래사회전략연구소,기타사회과학,연3회,1.54,발행논문 : 연간 16건,총 논문 : 196건,전략;사이버,https://www.kci.go.kr/kciportal/ci/seriesSearch/ciSereInfoView.kci?sereSearBean.insiId=INS000008618&sereSearBean.sereId=SER000003132
미래사회 (Journal of the Future of Society),KCI 등재,서울사이버대학교 미래사회전략연구소,기타사회과학,연3회,1.54,발행논문 : 연간 16건,총 논문 : 196건,전략;사이버,https://www.kci.go.kr/kciportal/ci/seriesSearch/ciSereInfoView.kci?sereSearBean.insiId=INS000008618&sereSearBean.sereId=SER000003132
부동산정책연구 (Journal of Real Estate Policy Research),KCI 등재,한국부동산정책학회,기타사회과학,연3회,0.42,발행논문 : 연간 19건,총 논문 : 206건,정책,https://www.kci.go.kr/kciportal/ci/seriesSearch/ciSereInfoView.kci?sereSearBean.insiId=INS000000407&sereSearBean.sereId=SER000008872
사이버인간과학연구 (Human Science Research Joural),,대구사이버대학교 교육연구소,기타사회과학,연2회,0,발행논문 : 연간 0건,총 논문 : 0건,사이버,https://www.kci.go.kr/kciportal/ci/seriesSearch/ciSereInfoView.kci?sereSearBean.insiId=INS000011448&sereSearBean.sereId=SER000004042
사회와 안전 (Society & Security),,울산대학교 경비원교육센터,기타사회과학,연2회,0,발행논문 : 연간 0건,총 논문 : 0건,안전,https://www.kci.go.kr/kciportal/ci/seriesSearch/ciSereInfoView.kci?sereSearBean.insiId=INS000008989&sereSearBean.sereId=SER000002769
사회적기업과 정책연구 (Social Enterprise & Policy Studies),,충북대학교 사회과학연구소,기타사회과학,연2회,0,발행논문 : 연간 0건,총 논문 : 0건,정책,https://www.kci.go.kr/kciportal/ci/seriesSearch/ciSereInfoView.kci?sereSearBean.insiId=INS000003312&sereSearBean.sereId=SER000003200
한국청소년연구 (Studies on Korean Youth),KCI 등재,한국청소년정책연구원,기타사회과학,연4회,4.25,발행논문 : 연간 32건,총 논문 : 801건,정책,https://www.kci.go.kr/kciportal/ci/seriesSearch/ciSereInfoView.kci?sereSearBean.insiId=INS000002616&sereSearBean.sereId=001385
민주사회와 정책연구,,한신대학교 민주사회정책연구원,기타사회과학일반,연2회,0,발행논문 : 연간 17건,총 논문 : 202건,정책,https://www.kci.go.kr/kciportal/ci/seriesSearch/ciSereInfoView.kci?sereSearBean.insiId=INS000004652&sereSearBean.sereId=001870
통일연구 (Korean Unification Studies),,연세대학교 국가관리연구원,기타사회과학일반,연2회,0,발행논문 : 연간 9건,총 논문 : 36건,통일,https://www.kci.go.kr/kciportal/ci/seriesSearch/ciSereInfoView.kci?sereSearBean.insiId=INS000004825&sereSearBean.sereId=SER000002246
평화들 PEACES (PEACES),KCI 후보,강원대학교 통일강원연구원,기타사회과학일반,연2회,0.24,발행논문 : 연간 9건,총 논문 : 46건,통일,https://www.kci.go.kr/kciportal/ci/seriesSearch/ciSereInfoView.kci?sereSearBean.insiId=INS000060195&sereSearBean.sereId=SER000006447
비판사회정책 (Journal of Critical Social Welfare),KCI 등재,비판과 대안을 위한 사회복지학회/ 건강정책학회,기타사회복지학,연4회,1.72,발행논문 : 연간 32건,총 논문 : 537건,정책,https://www.kci.go.kr/kciportal/ci/seriesSearch/ciSereInfoView.kci?sereSearBean.insiId=INS000001990&sereSearBean.sereId=SER000010228
상황과복지 (Journal of Critical Social Welfare),KCI 등재,비판과 대안을 위한 사회복지학회/ 건강정책학회,기타사회복지학,연4회,1.72,발행논문 : 연간 32건,총 논문 : 537건,정책,https://www.kci.go.kr/kciportal/ci/seriesSearch/ciSereInfoView.kci?sereSearBean.insiId=INS000001990&sereSearBean.sereId=SER000010228
한국보훈논총 (Joural of Patriots and Veterans Affairs in the Republic Korea),KCI 등재,한국보훈학회,기타사회학,연4회,0.57,발행논문 : 연간 20건,총 논문 : 359건,보훈,https://www.kci.go.kr/kciportal/ci/seriesSearch/ciSereInfoView.kci?sereSearBean.insiId=INS000000403&sereSearBean.sereId=SER000008866
한국보훈논총 (Journal of Patriots and Veterans Affairs in the Republic of Korea),KCI 등재,한국보훈학회,기타사회학,연4회,0.57,발행논문 : 연간 20건,총 논문 : 359건,보훈,https://www.kci.go.kr/kciportal/ci/seriesSearch/ciSereInfoView.kci?sereSearBean.insiId=INS000000403&sereSearBean.sereId=SER000008866
정책개발연구 (Journal of Policy Development),KCI 등재,한국정책개발학회,기타정책학,연2회,0.97,발행논문 : 연간 15건,총 논문 : 234건,정책;국정,https://www.kci.go.kr/kciportal/ci/seriesSearch/ciSereInfoView.kci?sereSearBean.insiId=INS000008154&sereSearBean.sereId=SER000002203
대테러연구 (The counter Terrorism Research),,경찰대학 국제대테러연구센터,기타정치외교학,연1회,0,발행논문 : 연간 0건,총 논문 : 0건,경찰;테러,https://www.kci.go.kr/kciportal/ci/seriesSearch/ciSereInfoView.kci?sereSearBean.insiId=INS000071274&sereSearBean.sereId=SER000006038
경호경비연구 (Korean Security Science Review),KCI 등재,한국보안관리학회,기타행정학,연4회,0.98,발행논문 : 연간 46건,총 논문 : 915건,행정,https://www.kci.go.kr/kciportal/ci/seriesSearch/ciSereInfoView.kci?sereSearBean.insiId=INS000000883&sereSearBean.sereId=001904
국정관리연구 (Journal of Governance Studies),KCI 등재,성균관대학교 국정전문대학원,기타행정학,연4회,0.97,발행논문 : 연간 19건,총 논문 : 325건,행정;국정,https://www.kci.go.kr/kciportal/ci/seriesSearch/ciSereInfoView.kci?sereSearBean.insiId=INS000007809&sereSearBean.sereId=SER000001525
시큐리티연구 (Korean Security Journal),KCI 등재,한국보안관리학회,기타행정학,연4회,0.98,발행논문 : 연간 46건,총 논문 : 915건,행정,https://www.kci.go.kr/kciportal/ci/seriesSearch/ciSereInfoView.kci?sereSearBean.insiId=INS000000883&sereSearBean.sereId=001904
통일채비 (Preparation for Unification),,백범통일연구소,기타행정학,연2회,0,발행논문 : 연간 0건,총 논문 : 0건,행정;통일,https://www.kci.go.kr/kciportal/ci/seriesSearch/ciSereInfoView.kci?sereSearBean.insiId=INS000072907&sereSearBean.sereId=SER000006211
한국경호경비학회지 (Korean Security Science Review),KCI 등재,한국보안관리학회,기타행정학,연4회,0.98,발행논문 : 연간 46건,총 논문 : 915건,행정,https://www.kci.go.kr/kciportal/ci/seriesSearch/ciSereInfoView.kci?sereSearBean.insiId=INS000000883&sereSearBean.sereId=001904
한국정책연구 (The Journal of Korean Policy Studies),KCI 등재,경인행정학회,기타행정학,연4회,1.93,발행논문 : 연간 37건,총 논문 : 695건,행정;정책;국정,https://www.kci.go.kr/kciportal/ci/seriesSearch/ciSereInfoView.kci?sereSearBean.insiId=INS000000061&sereSearBean.sereId=SER000008612
한국지방자치연구 (KOREAN LOCAL GOVERNMENT REVIEW),KCI 등재,대한지방자치학회,기타행정학,연4회,0.8,발행논문 : 연간 32건,총 논문 : 641건,행정;자치;지방,https://www.kci.go.kr/kciportal/ci/seriesSearch/ciSereInfoView.kci?sereSearBean.insiId=INS000000100&sereSearBean.sereId=001865
한국이민행정학회보 (Journal of The Korean Association for Immigration Administration),KCI 후보,한국이민행정학회,난민/이민,연2회,0,발행논문 : 연간 10건,총 논문 : 31건,행정,https://www.kci.go.kr/kciportal/ci/seriesSearch/ciSereInfoView.kci?sereSearBean.insiId=INS000072912&sereSearBean.sereId=SER000006209
농업경영.정책연구 (Korean Journal of Agricultural Management and Policy),KCI 등재,한국농식품정책학회,농업경제학,연4회,0.51,발행논문 : 연간 40건,총 논문 : 996건,정책,https://www.kci.go.kr/kciportal/ci/seriesSearch/ciSereInfoView.kci?sereSearBean.insiId=INS000001133&sereSearBean.sereId=000650
농업경영·정책연구 (Korea Journal of Agricultural Management and Policy),,한국축산경영학회,농업경제학,연4회,0.51,발행논문 : 연간 0건,총 논문 : 0건,정책,https://www.kci.go.kr/kciportal/ci/seriesSearch/ciSereInfoView.kci?sereSearBean.insiId=INS000001230&sereSearBean.sereId=SER000009548
지역과인구 (Regional and Population Studies),,전북대학교 지방자치연구소,도시/지방행정,연2회,0,발행논문 : 연간 0건,총 논문 : 0건,행정;자치;지방,https://www.kci.go.kr/kciportal/ci/seriesSearch/ciSereInfoView.kci?sereSearBean.insiId=INS000003224&sereSearBean.sereId=SER000006835
한국자치행정학보 (Korean Journal of Local Government & Administration Studies),KCI 등재,한국자치행정학회,도시/지방행정,연4회,1.49,발행논문 : 연간 57건,"총 논문 : 1,075건",행정;자치;지방,https://www.kci.go.kr/kciportal/ci/seriesSearch/ciSereInfoView.kci?sereSearBean.insiId=INS000002071&sereSearBean.sereId=002097
도시부동산정책연구 (Policy Review for Urban Planning and Real Estate),,중앙대학교 도시부동산연구소,도시개발/계획,연1회,0,발행논문 : 연간 0건,총 논문 : 0건,정책,https://www.kci.go.kr/kciportal/ci/seriesSearch/ciSereInfoView.kci?sereSearBean.insiId=INS000010733&sereSearBean.sereId=SER000004057
도시정책연구 (Journal of Urban Policies),KCI 등재,한국도시부동산학회,도시개발/계획,연4회,0.52,발행논문 : 연간 24건,총 논문 : 242건,정책,https://www.kci.go.kr/kciportal/ci/seriesSearch/ciSereInfoView.kci?sereSearBean.insiId=INS000010738&sereSearBean.sereId=SER000004224
Trade&Security,,무역안보관리원,무역학일반,연2회,0,발행논문 : 연간 0건,총 논문 : 0건,안보,https://www.kci.go.kr/kciportal/ci/seriesSearch/ciSereInfoView.kci?sereSearBean.insiId=INS000056910&sereSearBean.sereId=SER000006434
Journal of the Korean Welfare State and Social Policy,,연세대학교 복지국가연구센터,문화/사회/보건복지정책,연2회,0,발행논문 : 연간 0건,총 논문 : 0건,정책,https://www.kci.go.kr/kciportal/ci/seriesSearch/ciSereInfoView.kci?sereSearBean.insiId=INS000062565&sereSearBean.sereId=SER000005652
건강고령사회연구,,건국대학교 건강고령사회연구원,문화/사회/보건복지정책,연2회,0,발행논문 : 연간 0건,총 논문 : 0건,정책,https://www.kci.go.kr/kciportal/ci/seriesSearch/ciSereInfoView.kci?sereSearBean.insiId=INS000070723&sereSearBean.sereId=SER000006640
보건과 복지 (Health & Welfare),KCI 등재,한국보건복지학회,문화/사회/보건복지정책,연4회,1.63,발행논문 : 연간 16건,총 논문 : 459건,정책,https://www.kci.go.kr/kciportal/ci/seriesSearch/ciSereInfoView.kci?sereSearBean.insiId=INS000000399&sereSearBean.sereId=SER000004893
보건복지 (The Korean Society of Health and Welfare),,원광대학교 장수과학연구소,문화/사회/보건복지정책,연4회,0,발행논문 : 연간 0건,총 논문 : 0건,정책,https://www.kci.go.kr/kciportal/ci/seriesSearch/ciSereInfoView.kci?sereSearBean.insiId=INS000059461&sereSearBean.sereId=SER000005661
보훈연구,,한국보훈복지의료공단보훈교육,문화/사회/보건복지정책,연2회,0,발행논문 : 연간 0건,총 논문 : 0건,정책;보훈,https://www.kci.go.kr/kciportal/ci/seriesSearch/ciSereInfoView.kci?sereSearBean.insiId=INS000051170&sereSearBean.sereId=SER000005891
유산학 연구 (The Korean Journal of Heritage Studies),KCI 후보,한국전통문화대학교 문화자원경영연구소,문화/사회/보건복지정책,연2회,0,발행논문 : 연간 5건,총 논문 : 10건,정책,https://www.kci.go.kr/kciportal/ci/seriesSearch/ciSereInfoView.kci?sereSearBean.insiId=INS000059907&sereSearBean.sereId=SER000006710
미디어와 정책 (Korean Journal of Media and Policy),KCI 후보,한국미디어정책학회,미디어산업,연2회,0,발행논문 : 연간 4건,총 논문 : 14건,정책,https://www.kci.go.kr/kciportal/ci/seriesSearch/ciSereInfoView.kci?sereSearBean.insiId=INS000074071&sereSearBean.sereId=SER000006313
보호관찰 (Korean Journal of Probation),KCI 등재,한국보호관찰학회,법정책학,연2회,0.85,발행논문 : 연간 13건,총 논문 : 209건,정책,https://www.kci.go.kr/kciportal/ci/seriesSearch/ciSereInfoView.kci?sereSearBean.insiId=INS000000402&sereSearBean.sereId=SER000008864
사법 (JURIS),KCI 등재,사법발전재단,법정책학,연4회,1.38,발행논문 : 연간 45건,총 논문 : 903건,정책,https://www.kci.go.kr/kciportal/ci/seriesSearch/ciSereInfoView.kci?sereSearBean.insiId=INS000008130&sereSearBean.sereId=SER000001788
4차산업혁명 법과 정책,,4차산업혁명융합법학회,법학,연2회,0,발행논문 : 연간 0건,총 논문 : 0건,정책;법과 정책,https://www.kci.go.kr/kciportal/ci/seriesSearch/ciSereInfoView.kci?sereSearBean.insiId=INS000072121&sereSearBean.sereId=SER000006598
경제규제와 법,KCI 등재,서울대학교 법학연구소,법학,연2회,2.88,발행논문 : 연간 13건,총 논문 : 215건,규제,https://www.kci.go.kr/kciportal/ci/seriesSearch/ciSereInfoView.kci?sereSearBean.insiId=INS000003032&sereSearBean.sereId=SER000003131
경찰법연구 (Jorunal of Police & Law),KCI 등재,한국경찰법학회,법학,연3회,1.36,발행논문 : 연간 21건,총 논문 : 393건,경찰,https://www.kci.go.kr/kciportal/ci/seriesSearch/ciSereInfoView.kci?sereSearBean.insiId=INS000000296&sereSearBean.sereId=002089
경찰법연구 (Journal of Police & Law),KCI 등재,한국경찰법학회,법학,연3회,1.36,발행논문 : 연간 21건,총 논문 : 393건,경찰,https://www.kci.go.kr/kciportal/ci/seriesSearch/ciSereInfoView.kci?sereSearBean.insiId=INS000000296&sereSearBean.sereId=002089
경찰학연구 (The Journal of Police Science),KCI 등재,경찰대학 경찰대학,법학,연4회,1.39,발행논문 : 연간 28건,총 논문 : 731건,경찰,https://www.kci.go.kr/kciportal/ci/seriesSearch/ciSereInfoView.kci?sereSearBean.insiId=INS000002389&sereSearBean.sereId=002075
법과정책연구 (Journal of Law and Politics research),KCI 등재,한국법정책학회,법학,연4회,1.12,발행논문 : 연간 45건,"총 논문 : 1,028건",정책,https://www.kci.go.kr/kciportal/ci/seriesSearch/ciSereInfoView.kci?sereSearBean.insiId=INS000000395&sereSearBean.sereId=001579
변호사 (Seoul Bar Association Law Journal),KCI 후보,서울지방변호사회,법학,연1회,0,발행논문 : 연간 7건,총 논문 : 22건,지방,https://www.kci.go.kr/kciportal/ci/seriesSearch/ciSereInfoView.kci?sereSearBean.insiId=INS000002242&sereSearBean.sereId=SER000010445
비교법학 (Comparative Law Review),,부산외국어대학교 사회안전연구소,법학,연1회,0,발행논문 : 연간 0건,총 논문 : 0건,안전,https://www.kci.go.kr/kciportal/ci/seriesSearch/ciSereInfoView.kci?sereSearBean.insiId=INS000004339&sereSearBean.sereId=SER000001466
입법정책 (legislation and policies),,한국입법정책학회,법학,연2회,0,발행논문 : 연간 0건,총 논문 : 0건,정책;입법,https://www.kci.go.kr/kciportal/ci/seriesSearch/ciSereInfoView.kci?sereSearBean.insiId=INS000002281&sereSearBean.sereId=SER000010479
입법학연구 (Journal of Legislation Studies),KCI 등재,한국입법학회,법학,연2회,0.92,발행논문 : 연간 17건,총 논문 : 188건,입법,https://www.kci.go.kr/kciportal/ci/seriesSearch/ciSereInfoView.kci?sereSearBean.insiId=INS000002158&sereSearBean.sereId=SER000004602
정보법학 (Journal of Korea Infomation Law),KCI 등재,한국정보법학회,법학,연3회,2.45,발행논문 : 연간 19건,총 논문 : 378건,국정,https://www.kci.go.kr/kciportal/ci/seriesSearch/ciSereInfoView.kci?sereSearBean.insiId=INS000000551&sereSearBean.sereId=002147
지방자치법연구 (Local Government Law Journal),KCI 등재,한국지방자치법학회,법학,연4회,2.08,발행논문 : 연간 36건,총 논문 : 792건,자치;지방,https://www.kci.go.kr/kciportal/ci/seriesSearch/ciSereInfoView.kci?sereSearBean.insiId=INS000000572&sereSearBean.sereId=001664
행정법연구 (Administrative Law Journal),KCI 등재,행정법이론실무학회,법학,연3회,1.87,발행논문 : 연간 31건,총 논문 : 768건,행정,https://www.kci.go.kr/kciportal/ci/seriesSearch/ciSereInfoView.kci?sereSearBean.insiId=INS000000661&sereSearBean.sereId=001312
행정법연구(行政法硏究) (Administrative Law Journal),KCI 등재,행정법이론실무학회,법학,연3회,1.87,발행논문 : 연간 31건,총 논문 : 768건,행정,https://www.kci.go.kr/kciportal/ci/seriesSearch/ciSereInfoView.kci?sereSearBean.insiId=INS000000661&sereSearBean.sereId=001312
형사정책연구 (Korean Criminological Review),KCI 등재,한국형사법무정책연구원,법학,연4회,2.06,발행논문 : 연간 38건,총 논문 : 959건,정책,https://www.kci.go.kr/kciportal/ci/seriesSearch/ciSereInfoView.kci?sereSearBean.insiId=INS000002577&sereSearBean.sereId=000901
환경법과 정책 (Environmental Law and Policy),KCI 등재,강원대학교 비교법학연구소,법학,연3회,1.14,발행논문 : 연간 14건,총 논문 : 261건,정책;법과 정책,https://www.kci.go.kr/kciportal/ci/seriesSearch/ciSereInfoView.kci?sereSearBean.insiId=INS000002657&sereSearBean.sereId=SER000001109
법정책논총,,대진대학교 미래융합법연구소,법학일반,부정기,0,발행논문 : 연간 0건,총 논문 : 0건,정책,https://www.kci.go.kr/kciportal/ci/seriesSearch/ciSereInfoView.kci?sereSearBean.insiId=INS000010978&sereSearBean.sereId=SER000003923
Journal of North Korea Studies (Journal of North Korea Studies),KCI 등재,고려대학교세종캠퍼스 공공정책연구소,북한,연2회,0.63,발행논문 : 연간 11건,총 논문 : 125건,정책;공공;북한,https://www.kci.go.kr/kciportal/ci/seriesSearch/ciSereInfoView.kci?sereSearBean.insiId=INS000009668&sereSearBean.sereId=SER000004406
Journal of Peace and Unification (Journal of Peace and Unification),KCI 등재,이화여자대학교 통일학연구원,북한,연4회,0.08,발행논문 : 연간 13건,총 논문 : 152건,북한;통일,https://www.kci.go.kr/kciportal/ci/seriesSearch/ciSereInfoView.kci?sereSearBean.insiId=INS000004975&sereSearBean.sereId=SER000004161
NORTH KOREAN REVIEW (NORTH KOREAN REVIEW),,연세대학교 통일연구원,북한,연2회,0,발행논문 : 연간 0건,총 논문 : 0건,북한;통일,https://www.kci.go.kr/kciportal/ci/seriesSearch/ciSereInfoView.kci?sereSearBean.insiId=INS000010176&sereSearBean.sereId=SER000003522
북한학보 (Journal of North Korean Studies),KCI 등재,북한연구소,북한,연2회,0.38,발행논문 : 연간 11건,총 논문 : 168건,북한,https://www.kci.go.kr/kciportal/ci/seriesSearch/ciSereInfoView.kci?sereSearBean.insiId=INS000000195&sereSearBean.sereId=SER000008703
북한학연구,KCI 등재,동국대학교 북한학연구소,북한,연2회,0.81,발행논문 : 연간 14건,총 논문 : 225건,북한,https://www.kci.go.kr/kciportal/ci/seriesSearch/ciSereInfoView.kci?sereSearBean.insiId=INS000004507&sereSearBean.sereId=SER000014018
한백통일경제연구 (Hanbaek Journal of Unification Economic Research),KCI 후보,한라대학교 동북아경제연구원,북한경제및통일연구,연1회,0,발행논문 : 연간 5건,총 논문 : 5건,북한;통일,https://www.kci.go.kr/kciportal/ci/seriesSearch/ciSereInfoView.kci?sereSearBean.insiId=INS000061612&sereSearBean.sereId=SER000006718
북한도시 브리프,,숭실대학교 숭실평화통일연구원,북한사회및통일연구,연6회,0,발행논문 : 연간 0건,총 논문 : 0건,북한;통일,https://www.kci.go.kr/kciportal/ci/seriesSearch/ciSereInfoView.kci?sereSearBean.insiId=INS000062540&sereSearBean.sereId=SER000006506
통일과 평화 (Journal of Peace and Unification Studies),KCI 등재,서울대학교 통일평화연구원,북한사회및통일연구,연2회,0.94,발행논문 : 연간 17건,총 논문 : 220건,북한;통일,https://www.kci.go.kr/kciportal/ci/seriesSearch/ciSereInfoView.kci?sereSearBean.insiId=INS000007503&sereSearBean.sereId=SER000003021
통일과평화 (Journal of Peace and Unification Studies),KCI 등재,서울대학교 통일평화연구원,북한사회및통일연구,연2회,0.94,발행논문 : 연간 17건,총 논문 : 220건,북한;통일,https://www.kci.go.kr/kciportal/ci/seriesSearch/ciSereInfoView.kci?sereSearBean.insiId=INS000007503&sereSearBean.sereId=SER000003021
통일사회복지연구,,통일사회복지학회,북한사회및통일연구,연2회,0,발행논문 : 연간 0건,총 논문 : 0건,북한;통일,https://www.kci.go.kr/kciportal/ci/seriesSearch/ciSereInfoView.kci?sereSearBean.insiId=INS000061448&sereSearBean.sereId=SER000005573
평화통일연구 (Peaceful Unification Research),,총신대학교 평화통일연구소,북한사회및통일연구,연2회,0,발행논문 : 연간 0건,총 논문 : 0건,북한;통일,https://www.kci.go.kr/kciportal/ci/seriesSearch/ciSereInfoView.kci?sereSearBean.insiId=INS000060584&sereSearBean.sereId=SER000005629
지역과 통일,,대진대학교 대진평화통일교육연구원,북한정치/통일,연2회,0,발행논문 : 연간 0건,총 논문 : 0건,북한;통일,https://www.kci.go.kr/kciportal/ci/seriesSearch/ciSereInfoView.kci?sereSearBean.insiId=INS000070594&sereSearBean.sereId=SER000006017
채비,,단국대학교(천안캠퍼스) 백범통일연구소,북한정치/통일,연2회,0,발행논문 : 연간 0건,총 논문 : 0건,북한;통일,https://www.kci.go.kr/kciportal/ci/seriesSearch/ciSereInfoView.kci?sereSearBean.insiId=INS000073044&sereSearBean.sereId=SER000006358
통일과 담론,,국립평화통일민주교육원,북한정치/통일,연2회,0,발행논문 : 연간 0건,총 논문 : 0건,북한;통일,https://www.kci.go.kr/kciportal/ci/seriesSearch/ciSereInfoView.kci?sereSearBean.insiId=INS000081439&sereSearBean.sereId=SER000006922
통일연구 (KOREAN UNIFICATION STUDIES),KCI 등재,연세대학교 통일연구원,북한정치/통일,연2회,1.41,발행논문 : 연간 9건,총 논문 : 122건,북한;통일,https://www.kci.go.kr/kciportal/ci/seriesSearch/ciSereInfoView.kci?sereSearBean.insiId=INS000010176&sereSearBean.sereId=SER000003517
통일전략 (Unification Stratrgy),,한국통일전략학회,북한정치/통일,연4회,0,발행논문 : 연간 24건,총 논문 : 415건,전략;북한;통일,https://www.kci.go.kr/kciportal/ci/seriesSearch/ciSereInfoView.kci?sereSearBean.insiId=INS000000609&sereSearBean.sereId=001912
평화연구(平和硏究) (PEACE RESEARCH),,경북대학교 평화문제연구소,북한정치/통일,연1회,0,발행논문 : 연간 0건,총 논문 : 0건,북한;통일,https://www.kci.go.kr/kciportal/ci/seriesSearch/ciSereInfoView.kci?sereSearBean.insiId=INS000002721&sereSearBean.sereId=SER000004101
한반도연구 (The Korean Peninsula Studies),,북한통일학대학원연구협의회,북한정치/통일,연1회,0,발행논문 : 연간 0건,총 논문 : 0건,북한;통일,https://www.kci.go.kr/kciportal/ci/seriesSearch/ciSereInfoView.kci?sereSearBean.insiId=INS000010004&sereSearBean.sereId=SER000003463
현대북한연구 (North Korean Studies Review),KCI 등재,북한대학원대학교 심연북한연구소,북한정치/통일,연3회,1.41,발행논문 : 연간 18건,총 논문 : 265건,북한;통일,https://www.kci.go.kr/kciportal/ci/seriesSearch/ciSereInfoView.kci?sereSearBean.insiId=INS000009652&sereSearBean.sereId=SER000003282
현대북한연구 (Review of North Korean Studies),KCI 등재,북한대학원대학교 심연북한연구소,북한정치/통일,연3회,1.41,발행논문 : 연간 18건,총 논문 : 265건,북한;통일,https://www.kci.go.kr/kciportal/ci/seriesSearch/ciSereInfoView.kci?sereSearBean.insiId=INS000009652&sereSearBean.sereId=SER000003282
국제법무,KCI 등재,제주대학교 법과정책연구원,비교법학,연2회,0.38,발행논문 : 연간 17건,총 논문 : 303건,정책,https://www.kci.go.kr/kciportal/ci/seriesSearch/ciSereInfoView.kci?sereSearBean.insiId=INS000003250&sereSearBean.sereId=SER000001012
국제법무 (International Law Review),KCI 등재,제주대학교 법과정책연구원,비교법학,연2회,0.38,발행논문 : 연간 17건,총 논문 : 303건,정책,https://www.kci.go.kr/kciportal/ci/seriesSearch/ciSereInfoView.kci?sereSearBean.insiId=INS000003250&sereSearBean.sereId=SER000001012
Disastronomy (Disastronomy),,(사)위기관리이론과실천,사회과학,연2회,0,발행논문 : 연간 0건,총 논문 : 0건,위기,https://www.kci.go.kr/kciportal/ci/seriesSearch/ciSereInfoView.kci?sereSearBean.insiId=INS000007795&sereSearBean.sereId=SER000004932
복지행정논총 (Journal of Welfare Administration),,한국복지행정학회,사회과학,연2회,0,발행논문 : 연간 0건,총 논문 : 0건,행정,https://www.kci.go.kr/kciportal/ci/seriesSearch/ciSereInfoView.kci?sereSearBean.insiId=INS000000783&sereSearBean.sereId=SER000009157
유아교육.보육행정연구 (Journal of Early Childhood Education & Educare Administration),KCI 등재,한국유아교육ㆍ보육복지학회,사회과학교육,연4회,2.52,발행논문 : 연간 43건,총 논문 : 864건,행정,https://www.kci.go.kr/kciportal/ci/seriesSearch/ciSereInfoView.kci?sereSearBean.insiId=INS000001538&sereSearBean.sereId=002073
Asian Journal of Peacebuilding (Asian Journal of Peacebuilding),KCI 등재,서울대학교 통일평화연구원,사회과학일반,연2회,0.37,발행논문 : 연간 14건,총 논문 : 200건,통일,https://www.kci.go.kr/kciportal/ci/seriesSearch/ciSereInfoView.kci?sereSearBean.insiId=INS000007503&sereSearBean.sereId=SER000004541
Journal of Public Value(공공가치연구) (Journal of Public Value),,국제공공가치학회,사회과학일반,연3회,0,발행논문 : 연간 0건,총 논문 : 0건,공공,https://www.kci.go.kr/kciportal/ci/seriesSearch/ciSereInfoView.kci?sereSearBean.insiId=INS000071010&sereSearBean.sereId=SER000006490
가족정책연구,KCI 등재,한국가족정책학회,사회과학일반,연2회,0,발행논문 : 연간 9건,총 논문 : 34건,정책,https://www.kci.go.kr/kciportal/ci/seriesSearch/ciSereInfoView.kci?sereSearBean.insiId=INS000069128&sereSearBean.sereId=SER000006220
공공사회연구 (Journal of Public Society),KCI 등재,한국공공사회학회,사회과학일반,연4회,1.08,발행논문 : 연간 25건,총 논문 : 350건,공공,https://www.kci.go.kr/kciportal/ci/seriesSearch/ciSereInfoView.kci?sereSearBean.insiId=INS000008693&sereSearBean.sereId=SER000002738
공공외교: 이론과 실천 (Public Diplomacy: Theory and Practice),KCI 등재,한국공공외교학회,사회과학일반,연2회,0.33,발행논문 : 연간 6건,총 논문 : 34건,공공,https://www.kci.go.kr/kciportal/ci/seriesSearch/ciSereInfoView.kci?sereSearBean.insiId=INS000074101&sereSearBean.sereId=SER000006321
공공정책연구(구 법정리뷰) (Journal of Public Policy Studies),KCI 등재,동의대학교 지방자치연구소,사회과학일반,연3회,1.03,발행논문 : 연간 35건,총 논문 : 315건,정책;자치;지방;공공,https://www.kci.go.kr/kciportal/ci/seriesSearch/ciSereInfoView.kci?sereSearBean.insiId=INS000004133&sereSearBean.sereId=SER000004651
글로벌 거버넌스와 문화,KCI 등재,한양대학교 유럽-아프리카 연구소,사회과학일반,연2회,0.13,발행논문 : 연간 9건,총 논문 : 56건,거버넌스,https://www.kci.go.kr/kciportal/ci/seriesSearch/ciSereInfoView.kci?sereSearBean.insiId=INS000010016&sereSearBean.sereId=SER000006253
노동정책연구 (Quarterly Journal of Labor Policy),KCI 등재,한국노동연구원,사회과학일반,연4회,1.11,발행논문 : 연간 23건,총 논문 : 510건,정책,https://www.kci.go.kr/kciportal/ci/seriesSearch/ciSereInfoView.kci?sereSearBean.insiId=INS000002620&sereSearBean.sereId=001780
대학연구,KCI 후보,숙명여자대학교 글로벌거버넌스연구소,사회과학일반,연2회,0.5,발행논문 : 연간 6건,총 논문 : 32건,거버넌스,https://www.kci.go.kr/kciportal/ci/seriesSearch/ciSereInfoView.kci?sereSearBean.insiId=INS000058103&sereSearBean.sereId=SER000006282
법률상담사례집,,국립군산대학교 법학연구소,사회과학일반,연1회,0,발행논문 : 연간 0건,총 논문 : 0건,군,https://www.kci.go.kr/kciportal/ci/seriesSearch/ciSereInfoView.kci?sereSearBean.insiId=INS000002866&sereSearBean.sereId=SER000001685
법정리뷰(구 동의법정) (Law and Political Science Review),,동의대학교 지방자치연구소,사회과학일반,연2회,0,발행논문 : 연간 0건,총 논문 : 0건,자치;지방,https://www.kci.go.kr/kciportal/ci/seriesSearch/ciSereInfoView.kci?sereSearBean.insiId=INS000004133&sereSearBean.sereId=SER000004652
법학연구,,국립군산대학교 법학연구소,사회과학일반,연1회,0,발행논문 : 연간 0건,총 논문 : 0건,군,https://www.kci.go.kr/kciportal/ci/seriesSearch/ciSereInfoView.kci?sereSearBean.insiId=INS000002866&sereSearBean.sereId=SER000001686
보건경제와 정책연구 (The Korean Journal of Health Economics and Policy),KCI 등재,한국보건경제정책학회,사회과학일반,연4회,0.71,발행논문 : 연간 19건,총 논문 : 407건,정책,https://www.kci.go.kr/kciportal/ci/seriesSearch/ciSereInfoView.kci?sereSearBean.insiId=INS000002122&sereSearBean.sereId=001714
사이버커뮤니케이션학보 (Journal of Cybercommunication Academic Society),KCI 등재,사이버커뮤니케이션학회,사회과학일반,연4회,3.27,발행논문 : 연간 20건,총 논문 : 450건,사이버,https://www.kci.go.kr/kciportal/ci/seriesSearch/ciSereInfoView.kci?sereSearBean.insiId=INS000001946&sereSearBean.sereId=001789
사회과학담론과 정책 (Discourse and Policy in Social Science),KCI 등재,경북대학교 사회과학연구원,사회과학일반,연2회,1.86,발행논문 : 연간 15건,총 논문 : 279건,정책,https://www.kci.go.kr/kciportal/ci/seriesSearch/ciSereInfoView.kci?sereSearBean.insiId=INS000006899&sereSearBean.sereId=SER000000901
연구보고서,,경찰대학 치안정책연구소,사회과학일반,연1회,0,발행논문 : 연간 0건,총 논문 : 0건,정책;경찰;치안,https://www.kci.go.kr/kciportal/ci/seriesSearch/ciSereInfoView.kci?sereSearBean.insiId=INS000007524&sereSearBean.sereId=SER000001511
육아정책연구 (Korean Journal of Child Care and Education Policy),KCI 등재,육아정책연구소,사회과학일반,연3회,2.66,발행논문 : 연간 15건,총 논문 : 301건,정책,https://www.kci.go.kr/kciportal/ci/seriesSearch/ciSereInfoView.kci?sereSearBean.insiId=INS000008476&sereSearBean.sereId=SER000002260
접경지역통일연구 (The Journal of the Border Area and Reunification Studies),,한국접경지역통일학회,사회과학일반,연2회,0,발행논문 : 연간 15건,총 논문 : 30건,통일,https://www.kci.go.kr/kciportal/ci/seriesSearch/ciSereInfoView.kci?sereSearBean.insiId=INS000063503&sereSearBean.sereId=SER000005887
정보통신정책연구 (International Telecommunications Policy Review),KCI 등재,정보통신정책학회,사회과학일반,연4회,1.64,발행논문 : 연간 18건,총 논문 : 460건,정책,https://www.kci.go.kr/kciportal/ci/seriesSearch/ciSereInfoView.kci?sereSearBean.insiId=INS000001267&sereSearBean.sereId=000415
정보통신정책연구 (Korean Telecommunications Policy Review),KCI 등재,정보통신정책학회,사회과학일반,연4회,1.64,발행논문 : 연간 18건,총 논문 : 460건,정책,https://www.kci.go.kr/kciportal/ci/seriesSearch/ciSereInfoView.kci?sereSearBean.insiId=INS000001267&sereSearBean.sereId=000415
정신건강 및 행동분석 연구 (JOURNAL OF MENTAL HEALTH & BEHAVIOR ANALYSIS),KCI 등재,한국정신건강및행동분석학회,사회과학일반,연3회,0,발행논문 : 연간 12건,총 논문 : 46건,국정,https://www.kci.go.kr/kciportal/ci/seriesSearch/ciSereInfoView.kci?sereSearBean.insiId=INS000064625&sereSearBean.sereId=SER000006106
정치와 공론 (Politics & Public Opinion),KCI 등재,(사)한국정치평론학회,사회과학일반,연2회,0.47,발행논문 : 연간 10건,총 논문 : 57건,국정,https://www.kci.go.kr/kciportal/ci/seriesSearch/ciSereInfoView.kci?sereSearBean.insiId=INS000008619&sereSearBean.sereId=SER000002288
지방자치연구,,전북대학교 지방자치연구소,사회과학일반,연1회,0,발행논문 : 연간 0건,총 논문 : 0건,자치;지방,https://www.kci.go.kr/kciportal/ci/seriesSearch/ciSereInfoView.kci?sereSearBean.insiId=INS000003224&sereSearBean.sereId=SER000003646
치안과학기술리뷰,,경찰대학 치안정책연구소,사회과학일반,연2회,0,발행논문 : 연간 0건,총 논문 : 0건,정책;경찰;치안,https://www.kci.go.kr/kciportal/ci/seriesSearch/ciSereInfoView.kci?sereSearBean.insiId=INS000007524&sereSearBean.sereId=SER000006847
치안논총,,경찰대학 치안정책연구소,사회과학일반,연1회,0,발행논문 : 연간 0건,총 논문 : 0건,정책;경찰;치안,https://www.kci.go.kr/kciportal/ci/seriesSearch/ciSereInfoView.kci?sereSearBean.insiId=INS000007524&sereSearBean.sereId=SER000001508
치안정책리뷰,,경찰대학 치안정책연구소,사회과학일반,연4회,0,발행논문 : 연간 0건,총 논문 : 0건,정책;경찰;치안,https://www.kci.go.kr/kciportal/ci/seriesSearch/ciSereInfoView.kci?sereSearBean.insiId=INS000007524&sereSearBean.sereId=SER000001510
한국공공관리학보 (Korean Public Management Review),KCI 등재,한국공공관리학회,사회과학일반,연4회,2.14,발행논문 : 연간 37건,총 논문 : 809건,공공,https://www.kci.go.kr/kciportal/ci/seriesSearch/ciSereInfoView.kci?sereSearBean.insiId=INS000000259&sereSearBean.sereId=001744
한국범죄정보연구 (Korea Criminal Intelligence Review),KCI 등재,한국사회안전 범죄정보학회,사회과학일반,연2회,0.64,발행논문 : 연간 16건,총 논문 : 143건,안전,https://www.kci.go.kr/kciportal/ci/seriesSearch/ciSereInfoView.kci?sereSearBean.insiId=INS000042308&sereSearBean.sereId=SER000004626
한국사회안전학회지 (Korean Journal of Security and Safety),,한국사회안전학회,사회과학일반,연2회,0,발행논문 : 연간 0건,총 논문 : 0건,안전,https://www.kci.go.kr/kciportal/ci/seriesSearch/ciSereInfoView.kci?sereSearBean.insiId=INS000001269&sereSearBean.sereId=SER000002833
한국음식문화전략연구지 (Institute of Korean Food Culture & Strategy),,한국음식문화전략연구원,사회과학일반,연2회,0,발행논문 : 연간 0건,총 논문 : 0건,전략,https://www.kci.go.kr/kciportal/ci/seriesSearch/ciSereInfoView.kci?sereSearBean.insiId=INS000006663&sereSearBean.sereId=SER000000692
한국지방공기업학회보 (The Korean Journal of Local Public Enterprises),KCI 등재,한국지방공기업학회,사회과학일반,연2회,0.44,발행논문 : 연간 8건,총 논문 : 82건,지방,https://www.kci.go.kr/kciportal/ci/seriesSearch/ciSereInfoView.kci?sereSearBean.insiId=INS000002460&sereSearBean.sereId=SER000002789
한국테러학회보 (Korean terrorism studies Review),KCI 등재,한국테러학회,사회과학일반,연4회,0.58,발행논문 : 연간 26건,총 논문 : 503건,테러,https://www.kci.go.kr/kciportal/ci/seriesSearch/ciSereInfoView.kci?sereSearBean.insiId=INS000002466&sereSearBean.sereId=SER000003128
"항공보안ㆍ안전 거버넌스 (Journal of Aviation Security, Safety and Governance)",KCI 등재,한국항공보안학회,사회과학일반,연3회,0.36,발행논문 : 연간 14건,총 논문 : 111건,거버넌스;안전,https://www.kci.go.kr/kciportal/ci/seriesSearch/ciSereInfoView.kci?sereSearBean.insiId=INS000073939&sereSearBean.sereId=SER000006306
현대사회와 다문화 (Contemporary Society and Multiculture),KCI 등재,대구대학교 다문화사회정책연구소,사회과학일반,연4회,1.48,발행논문 : 연간 20건,총 논문 : 222건,정책,https://www.kci.go.kr/kciportal/ci/seriesSearch/ciSereInfoView.kci?sereSearBean.insiId=INS000009937&sereSearBean.sereId=SER000003715
현대사회와 행정 (Modern Society and Public Administration),KCI 등재,한국국정관리학회,사회과학일반,연4회,1.69,발행논문 : 연간 27건,총 논문 : 531건,행정;국정;사회와 행정,https://www.kci.go.kr/kciportal/ci/seriesSearch/ciSereInfoView.kci?sereSearBean.insiId=INS000000316&sereSearBean.sereId=001878
비판사회정책 제62호~65호,,비판과 대안을 위한 사회복지학회/ 건강정책학회,사회복지학,연4회,0,발행논문 : 연간 0건,총 논문 : 0건,정책,https://www.kci.go.kr/kciportal/ci/seriesSearch/ciSereInfoView.kci?sereSearBean.insiId=INS000001990&sereSearBean.sereId=SER000006076
비판사회정책 제66호~69호,,비판과 대안을 위한 사회복지학회/ 건강정책학회,사회복지학,연4회,0,발행논문 : 연간 0건,총 논문 : 0건,정책,https://www.kci.go.kr/kciportal/ci/seriesSearch/ciSereInfoView.kci?sereSearBean.insiId=INS000001990&sereSearBean.sereId=SER000006077
비판사회정책 제70호~73호,,비판과 대안을 위한 사회복지학회/ 건강정책학회,사회복지학,연4회,0,발행논문 : 연간 0건,총 논문 : 0건,정책,https://www.kci.go.kr/kciportal/ci/seriesSearch/ciSereInfoView.kci?sereSearBean.insiId=INS000001990&sereSearBean.sereId=SER000006078
사회복지정책 (Social Welfare Policy),KCI 등재,한국사회복지정책학회,사회복지학,연4회,1.43,발행논문 : 연간 38건,총 논문 : 956건,정책,https://www.kci.go.kr/kciportal/ci/seriesSearch/ciSereInfoView.kci?sereSearBean.insiId=INS000000890&sereSearBean.sereId=001012
사회복지정책 18집 (Social Welfare Policy),KCI 등재,한국사회복지정책학회,사회복지학,연4회,1.43,발행논문 : 연간 38건,총 논문 : 956건,정책,https://www.kci.go.kr/kciportal/ci/seriesSearch/ciSereInfoView.kci?sereSearBean.insiId=INS000000890&sereSearBean.sereId=001012
정신건강과 사회복지 (Mental Health & Social Work),KCI 등재,한국정신건강사회복지학회,사회복지학,연4회,2.65,발행논문 : 연간 26건,총 논문 : 657건,국정,https://www.kci.go.kr/kciportal/ci/seriesSearch/ciSereInfoView.kci?sereSearBean.insiId=INS000001305&sereSearBean.sereId=000500
정신보건과 사회사업,KCI 등재,한국정신건강사회복지학회,사회복지학,연4회,2.65,발행논문 : 연간 26건,총 논문 : 657건,국정,https://www.kci.go.kr/kciportal/ci/seriesSearch/ciSereInfoView.kci?sereSearBean.insiId=INS000001305&sereSearBean.sereId=000500
정신보건과 사회사업 (Mental Health & Social Work),KCI 등재,한국정신건강사회복지학회,사회복지학,연4회,2.65,발행논문 : 연간 26건,총 논문 : 657건,국정,https://www.kci.go.kr/kciportal/ci/seriesSearch/ciSereInfoView.kci?sereSearBean.insiId=INS000001305&sereSearBean.sereId=000500
한국군사회복지학,KCI 등재,한국군사회복지학회,사회복지학,연2회,0.37,발행논문 : 연간 10건,총 논문 : 154건,군사;군,https://www.kci.go.kr/kciportal/ci/seriesSearch/ciSereInfoView.kci?sereSearBean.insiId=INS000002344&sereSearBean.sereId=SER000003069
한국사회복지행정학 (Journal of Korean Social Welfare Administration),KCI 등재,한국사회복지행정학회,사회복지학,연4회,2.32,발행논문 : 연간 26건,총 논문 : 660건,행정,https://www.kci.go.kr/kciportal/ci/seriesSearch/ciSereInfoView.kci?sereSearBean.insiId=INS000002004&sereSearBean.sereId=000981
한국사회복지행정학 (Journal of Korean social welfare administration),KCI 등재,한국사회복지행정학회,사회복지학,연4회,2.32,발행논문 : 연간 26건,총 논문 : 660건,행정,https://www.kci.go.kr/kciportal/ci/seriesSearch/ciSereInfoView.kci?sereSearBean.insiId=INS000002004&sereSearBean.sereId=000981
사회복지정책과실천 (Social Welfare Policy and Practice),KCI 등재,사회복지정책실천회,사회복지학일반,연3회,1.7,발행논문 : 연간 13건,총 논문 : 156건,정책,https://www.kci.go.kr/kciportal/ci/seriesSearch/ciSereInfoView.kci?sereSearBean.insiId=INS000061834&sereSearBean.sereId=SER000005180
복지행정연구,,안양대학교 복지행정연구소,사회복지행정,연1회,0,발행논문 : 연간 0건,총 논문 : 0건,행정,https://www.kci.go.kr/kciportal/ci/seriesSearch/ciSereInfoView.kci?sereSearBean.insiId=INS000003974&sereSearBean.sereId=SER000012973
Journal of Mountains and Humanities,,국립순천대학교 지리산권문화연구원,산악지방,연2회,0,발행논문 : 연간 0건,총 논문 : 0건,지방,https://www.kci.go.kr/kciportal/ci/seriesSearch/ciSereInfoView.kci?sereSearBean.insiId=INS000003107&sereSearBean.sereId=SER000004453
무역구제연구 (Journal of Trade Remedy),KCI 등재,무역구제학회,산업/통상정책,연3회,0.37,발행논문 : 연간 13건,총 논문 : 63건,정책,https://www.kci.go.kr/kciportal/ci/seriesSearch/ciSereInfoView.kci?sereSearBean.insiId=INS000011687&sereSearBean.sereId=SER000004027
모래상자치료연구 (journal of sandtray therapy),,한국모래상자치료학회,상담심리/심리치료,연1회,0,발행논문 : 연간 5건,총 논문 : 16건,자치,https://www.kci.go.kr/kciportal/ci/seriesSearch/ciSereInfoView.kci?sereSearBean.insiId=INS000002176&sereSearBean.sereId=SER000004913
심리상담 및 모래놀이치료 (Psychological Counselling and Sandplay Therapy),KCI 등재,(사) 한국학교공공모래놀이학회,상담심리/심리치료,연3회,1,발행논문 : 연간 6건,총 논문 : 48건,공공,https://www.kci.go.kr/kciportal/ci/seriesSearch/ciSereInfoView.kci?sereSearBean.insiId=INS000066254&sereSearBean.sereId=SER000005663
학교상담 및 모래놀이 (School Counselling and Sandplay),KCI 등재,(사) 한국학교공공모래놀이학회,상담심리/심리치료,연3회,1,발행논문 : 연간 6건,총 논문 : 48건,공공,https://www.kci.go.kr/kciportal/ci/seriesSearch/ciSereInfoView.kci?sereSearBean.insiId=INS000066254&sereSearBean.sereId=SER000005663
유통전략연구 (Journal of Distribution Strategy),,세종대학교 유통전략연구소,소매유통,연2회,0,발행논문 : 연간 0건,총 논문 : 0건,전략,https://www.kci.go.kr/kciportal/ci/seriesSearch/ciSereInfoView.kci?sereSearBean.insiId=INS000071935&sereSearBean.sereId=SER000006350
소비자정책교육연구 (Consumer Policy and Education Review),KCI 등재,한국소비자정책교육학회,소비자/소비경제,연4회,1.82,발행논문 : 연간 23건,총 논문 : 516건,정책,https://www.kci.go.kr/kciportal/ci/seriesSearch/ciSereInfoView.kci?sereSearBean.insiId=INS000002094&sereSearBean.sereId=SER000010337
방송과 커뮤니케이션 (Broadcasting & Communacation),KCI 등재,한국방송학회,신문방송학,연4회,2.22,발행논문 : 연간 12건,총 논문 : 269건,국방,https://www.kci.go.kr/kciportal/ci/seriesSearch/ciSereInfoView.kci?sereSearBean.insiId=INS000000873&sereSearBean.sereId=001742
방송과 커뮤니케이션 (Broadcasting & Communication),KCI 등재,한국방송학회,신문방송학,연4회,2.22,발행논문 : 연간 12건,총 논문 : 269건,국방,https://www.kci.go.kr/kciportal/ci/seriesSearch/ciSereInfoView.kci?sereSearBean.insiId=INS000000873&sereSearBean.sereId=001742
방송문화연구,KCI 등재,한국방송공사,신문방송학,연2회,1.25,발행논문 : 연간 10건,총 논문 : 255건,국방,https://www.kci.go.kr/kciportal/ci/seriesSearch/ciSereInfoView.kci?sereSearBean.insiId=INS000002266&sereSearBean.sereId=001525
방송연구,KCI 등재,한국방송학회,신문방송학,연4회,2.83,발행논문 : 연간 18건,총 논문 : 446건,국방,https://www.kci.go.kr/kciportal/ci/seriesSearch/ciSereInfoView.kci?sereSearBean.insiId=INS000000873&sereSearBean.sereId=SER000000521
방송연구 (Korean Journal of Broadcasting & Telecommunications Research),KCI 등재,한국방송학회,신문방송학,연4회,2.83,발행논문 : 연간 18건,총 논문 : 446건,국방,https://www.kci.go.kr/kciportal/ci/seriesSearch/ciSereInfoView.kci?sereSearBean.insiId=INS000000873&sereSearBean.sereId=SER000000521
방송통신연구 (Korean Journal of Broadcasting & Telecommunications Research),KCI 등재,한국방송학회,신문방송학,연4회,2.83,발행논문 : 연간 18건,총 논문 : 446건,국방,https://www.kci.go.kr/kciportal/ci/seriesSearch/ciSereInfoView.kci?sereSearBean.insiId=INS000000873&sereSearBean.sereId=SER000000521
한국방송학보 (Korean Journal of Broadcasting and Telecommunication Studies),,한국방송학회,신문방송학,연6회,2.87,발행논문 : 연간 42건,"총 논문 : 1,102건",국방,https://www.kci.go.kr/kciportal/ci/seriesSearch/ciSereInfoView.kci?sereSearBean.insiId=INS000000873&sereSearBean.sereId=000045
한국방송학보 (Korean Journal of Broadcasting),,한국방송학회,신문방송학,연6회,2.87,발행논문 : 연간 42건,"총 논문 : 1,102건",국방,https://www.kci.go.kr/kciportal/ci/seriesSearch/ciSereInfoView.kci?sereSearBean.insiId=INS000000873&sereSearBean.sereId=000045
International Journal of Military Affairs,KCI 후보,동북아학술저널연합,안보이론,연1회,0,발행논문 : 연간 9건,총 논문 : 89건,안보,https://www.kci.go.kr/kciportal/ci/seriesSearch/ciSereInfoView.kci?sereSearBean.insiId=INS000059637&sereSearBean.sereId=SER000005551
International Journal of Military Affairs (International Journal of Military Affairs),KCI 후보,동북아학술저널연합,안보이론,연1회,0,발행논문 : 연간 9건,총 논문 : 89건,안보,https://www.kci.go.kr/kciportal/ci/seriesSearch/ciSereInfoView.kci?sereSearBean.insiId=INS000059637&sereSearBean.sereId=SER000005551
안보이슈브리핑,,대전대학교 국제군사안보연구원,안보이론,연4회,0,발행논문 : 연간 0건,총 논문 : 0건,군사;안보;군,https://www.kci.go.kr/kciportal/ci/seriesSearch/ciSereInfoView.kci?sereSearBean.insiId=INS000003484&sereSearBean.sereId=SER000006242
한국해양안보논총,KCI 등재,한국해양안보포럼,안보이론,연2회,0.68,발행논문 : 연간 13건,총 논문 : 117건,안보;해양안보,https://www.kci.go.kr/kciportal/ci/seriesSearch/ciSereInfoView.kci?sereSearBean.insiId=INS000068284&sereSearBean.sereId=SER000005641
한국해양안보논총 (Korea Maritime Security Review),KCI 등재,한국해양안보포럼,안보이론,연2회,0.68,발행논문 : 연간 13건,총 논문 : 117건,안보;해양안보,https://www.kci.go.kr/kciportal/ci/seriesSearch/ciSereInfoView.kci?sereSearBean.insiId=INS000068284&sereSearBean.sereId=SER000005641
International Journal of Korean Unification Studies (International Journal of Korean Unification Studies),KCI 등재,통일연구원,외교/안보/통일,연2회,0.2,발행논문 : 연간 11건,총 논문 : 377건,안보;통일,https://www.kci.go.kr/kciportal/ci/seriesSearch/ciSereInfoView.kci?sereSearBean.insiId=INS000002612&sereSearBean.sereId=001877
International Journal of Terrorism & National Security,KCI 후보,동북아학술저널연합,외교/안보/통일,연1회,0,발행논문 : 연간 9건,총 논문 : 86건,안보;통일,https://www.kci.go.kr/kciportal/ci/seriesSearch/ciSereInfoView.kci?sereSearBean.insiId=INS000059637&sereSearBean.sereId=SER000005545
International Journal of Terrorism & National Security (International Journal of Terrorism & National Security ),KCI 후보,동북아학술저널연합,외교/안보/통일,연1회,0,발행논문 : 연간 9건,총 논문 : 86건,안보;통일,https://www.kci.go.kr/kciportal/ci/seriesSearch/ciSereInfoView.kci?sereSearBean.insiId=INS000059637&sereSearBean.sereId=SER000005545
The Korea Journal of Defense Analysis,KCI 등재,한국국방연구원,외교/안보/통일,연4회,0.23,발행논문 : 연간 28건,총 논문 : 700건,국방;안보;통일,https://www.kci.go.kr/kciportal/ci/seriesSearch/ciSereInfoView.kci?sereSearBean.insiId=INS000002627&sereSearBean.sereId=001109
The Korean Journal of Defense Analysis (The Korean Journal of Defense Analysis),KCI 등재,한국국방연구원,외교/안보/통일,연4회,0.23,발행논문 : 연간 28건,총 논문 : 700건,국방;안보;통일,https://www.kci.go.kr/kciportal/ci/seriesSearch/ciSereInfoView.kci?sereSearBean.insiId=INS000002627&sereSearBean.sereId=001109
The Korean Journal of Security Affairs (The Korean Journal of Security Affairs),KCI 등재,국방대학교 국가안전보장문제연구소,외교/안보/통일,연2회,0,발행논문 : 연간 11건,총 논문 : 246건,국방;안보;안전;통일,https://www.kci.go.kr/kciportal/ci/seriesSearch/ciSereInfoView.kci?sereSearBean.insiId=INS000005754&sereSearBean.sereId=002062
안보전략연구 (SECURITY STRATEGY),,대한민국재향군인회,외교/안보/통일,연2회,0,발행논문 : 연간 0건,총 논문 : 0건,안보;전략;군;통일,https://www.kci.go.kr/kciportal/ci/seriesSearch/ciSereInfoView.kci?sereSearBean.insiId=INS000063752&sereSearBean.sereId=SER000006261
영문학술지(KJSA),KCI 등재,국방대학교 국가안전보장문제연구소,외교/안보/통일,연2회,0,발행논문 : 연간 11건,총 논문 : 246건,국방;안보;안전;통일,https://www.kci.go.kr/kciportal/ci/seriesSearch/ciSereInfoView.kci?sereSearBean.insiId=INS000005754&sereSearBean.sereId=002062
재향군인회 안보전략연구 (study security strategy),,대한민국재향군인회 안보전략연구원,외교/안보/통일,연2회,0.2,발행논문 : 연간 11건,총 논문 : 45건,안보;전략;군;통일,https://www.kci.go.kr/kciportal/ci/seriesSearch/ciSereInfoView.kci?sereSearBean.insiId=INS000073512&sereSearBean.sereId=SER000006263
한국국가전략 (KRINS QUARTERLY),KCI 등재,사단법인 한국국가전략연구원,외교/안보/통일,연3회,0.86,발행논문 : 연간 18건,총 논문 : 197건,안보;전략;국가전략;통일,https://www.kci.go.kr/kciportal/ci/seriesSearch/ciSereInfoView.kci?sereSearBean.insiId=INS000063679&sereSearBean.sereId=SER000005176
한반도 미래연구,,국민대학교 한반도미래연구원,외교/안보/통일,연2회,0,발행논문 : 연간 0건,총 논문 : 0건,안보;통일,https://www.kci.go.kr/kciportal/ci/seriesSearch/ciSereInfoView.kci?sereSearBean.insiId=INS000060313&sereSearBean.sereId=SER000006690
미래정책연구 (Journal of Policy Studies),,정책연구원풀울림,외교정책,연4회,0,발행논문 : 연간 0건,총 논문 : 0건,정책,https://www.kci.go.kr/kciportal/ci/seriesSearch/ciSereInfoView.kci?sereSearBean.insiId=INS000061321&sereSearBean.sereId=SER000005346
HIRA Research,KCI 등재,건강보험심사평가원,의료/복지/사회정책,연2회,0,발행논문 : 연간 13건,총 논문 : 53건,정책,https://www.kci.go.kr/kciportal/ci/seriesSearch/ciSereInfoView.kci?sereSearBean.insiId=INS000050422&sereSearBean.sereId=SER000005933
"영성과 보건복지 (The Journal of Spirituality, Health and Welfare)",,영성과 보건복지학회,의료/복지/사회정책,연2회,0,발행논문 : 연간 0건,총 논문 : 0건,정책,https://www.kci.go.kr/kciportal/ci/seriesSearch/ciSereInfoView.kci?sereSearBean.insiId=INS000041602&sereSearBean.sereId=SER000004166
장기요양연구 (The Journal of Korean Long Term Care),KCI 등재,한국장기요양학회,의료/복지/사회정책,연3회,1.51,발행논문 : 연간 11건,총 논문 : 157건,정책,https://www.kci.go.kr/kciportal/ci/seriesSearch/ciSereInfoView.kci?sereSearBean.insiId=INS000010294&sereSearBean.sereId=SER000004035
장기요양연구 (The Journal of Long Term Care),KCI 등재,한국장기요양학회,의료/복지/사회정책,연3회,1.51,발행논문 : 연간 11건,총 논문 : 157건,정책,https://www.kci.go.kr/kciportal/ci/seriesSearch/ciSereInfoView.kci?sereSearBean.insiId=INS000010294&sereSearBean.sereId=SER000004035
한국사회정책,KCI 등재,한국사회정책학회,의료/복지/사회정책,연4회,1.67,발행논문 : 연간 25건,총 논문 : 523건,정책,https://www.kci.go.kr/kciportal/ci/seriesSearch/ciSereInfoView.kci?sereSearBean.insiId=INS000000798&sereSearBean.sereId=001902
한국사회정책 (Korea Social Policy Review),KCI 등재,한국사회정책학회,의료/복지/사회정책,연4회,1.67,발행논문 : 연간 25건,총 논문 : 523건,정책,https://www.kci.go.kr/kciportal/ci/seriesSearch/ciSereInfoView.kci?sereSearBean.insiId=INS000000798&sereSearBean.sereId=001902
공공인재개발학회보 (Journal of Public Human Resource Development),,성균관대학교 공공인재개발연구센터,인사행정,격년간,0,발행논문 : 연간 0건,총 논문 : 0건,행정;공공,https://www.kci.go.kr/kciportal/ci/seriesSearch/ciSereInfoView.kci?sereSearBean.insiId=INS000058193&sereSearBean.sereId=SER000005305
휴먼웨어연구 (Journal of Humanware),KCI 등재,고려대학교 HRD정책연구소,인적자원개발,연3회,1.48,발행논문 : 연간 11건,총 논문 : 66건,정책,https://www.kci.go.kr/kciportal/ci/seriesSearch/ciSereInfoView.kci?sereSearBean.insiId=INS000063699&sereSearBean.sereId=SER000005319
재무행정연구 (Public Financial Administration),KCI 후보,사단법인 한국재무행정학회,재무행정,연3회,0,발행논문 : 연간 12건,총 논문 : 37건,행정,https://www.kci.go.kr/kciportal/ci/seriesSearch/ciSereInfoView.kci?sereSearBean.insiId=INS000074895&sereSearBean.sereId=SER000006443
정부회계연구 (Korean Governmental Accounting Review),KCI 등재,(사)한국정부회계학회,재무행정,연3회,0.61,발행논문 : 연간 13건,총 논문 : 145건,행정;정부;국정,https://www.kci.go.kr/kciportal/ci/seriesSearch/ciSereInfoView.kci?sereSearBean.insiId=INS000000554&sereSearBean.sereId=SER000008958
군사학논단 (The Journal of Military Art &Science),,경남대학교 군사연구소,전쟁론,연1회,0,발행논문 : 연간 0건,총 논문 : 0건,군사;군,https://www.kci.go.kr/kciportal/ci/seriesSearch/ciSereInfoView.kci?sereSearBean.insiId=INS000007527&sereSearBean.sereId=SER000006311
정보사회와 미디어 (Information Society & Media),KCI 등재,한국정보사회학회,정보/과학기술사회학,연3회,1.76,발행논문 : 연간 15건,총 논문 : 249건,국정,https://www.kci.go.kr/kciportal/ci/seriesSearch/ciSereInfoView.kci?sereSearBean.insiId=INS000000553&sereSearBean.sereId=SER000008957
정보와 사회 (Korea Journal of Information Society),KCI 등재,한국정보사회학회,정보/과학기술사회학,연3회,1.76,발행논문 : 연간 15건,총 논문 : 249건,국정,https://www.kci.go.kr/kciportal/ci/seriesSearch/ciSereInfoView.kci?sereSearBean.insiId=INS000000553&sereSearBean.sereId=SER000008957
디지털경제사회연구 (Journal of Digital Economy and Society),KCI 후보,정보통신정책연구원,정보통신/기술경제,연2회,0,발행논문 : 연간 12건,총 논문 : 12건,정책,https://www.kci.go.kr/kciportal/ci/seriesSearch/ciSereInfoView.kci?sereSearBean.insiId=INS000054871&sereSearBean.sereId=SER000006643
International Journal of Policy Studies (International Journal of Policy Studies),,한국정책학회,정책학,연2회,0,발행논문 : 연간 0건,총 논문 : 0건,정책;국정,https://www.kci.go.kr/kciportal/ci/seriesSearch/ciSereInfoView.kci?sereSearBean.insiId=INS000000832&sereSearBean.sereId=SER000005627
Journal of Policy Studies (Journal of Policy Studies),KCI 등재,서울대학교행정대학원,정책학,연4회,0.29,발행논문 : 연간 17건,총 논문 : 363건,행정;정책,https://www.kci.go.kr/kciportal/ci/seriesSearch/ciSereInfoView.kci?sereSearBean.insiId=INS000002138&sereSearBean.sereId=001564
The Korean Journal of Policy Studies (The Korean Journal of Policy Studies),KCI 등재,서울대학교행정대학원,정책학,연4회,0.29,발행논문 : 연간 17건,총 논문 : 363건,행정;정책,https://www.kci.go.kr/kciportal/ci/seriesSearch/ciSereInfoView.kci?sereSearBean.insiId=INS000002138&sereSearBean.sereId=001564
공공기관과 정책연구 (Public Institutions and Policy Review),KCI 후보,한국조세재정연구원,정책학,연3회,0,발행논문 : 연간 15건,총 논문 : 58건,정책;공공,https://www.kci.go.kr/kciportal/ci/seriesSearch/ciSereInfoView.kci?sereSearBean.insiId=INS000052783&sereSearBean.sereId=SER000006428
공공정책과 국정관리 (The Journal of Public Policy and Governance),KCI 등재,단국대학교 융합사회연구소,정책학,연4회,1.68,발행논문 : 연간 25건,총 논문 : 295건,정책;공공;국정,https://www.kci.go.kr/kciportal/ci/seriesSearch/ciSereInfoView.kci?sereSearBean.insiId=INS000004382&sereSearBean.sereId=SER000003905
국가정책연구 (Public Policy Review),KCI 등재,중앙대학교 국가정책연구소,정책학,연4회,1.08,발행논문 : 연간 26건,총 논문 : 571건,정책,https://www.kci.go.kr/kciportal/ci/seriesSearch/ciSereInfoView.kci?sereSearBean.insiId=INS000005021&sereSearBean.sereId=SER000014685
국방연구,KCI 등재,국방대학교 국가안전보장문제연구소,정책학,연4회,1.22,발행논문 : 연간 22건,총 논문 : 498건,정책;국방;안전,https://www.kci.go.kr/kciportal/ci/seriesSearch/ciSereInfoView.kci?sereSearBean.insiId=INS000005754&sereSearBean.sereId=001669
권익,,국민권익위원회,정책학,연1회,0,발행논문 : 연간 0건,총 논문 : 0건,정책,https://www.kci.go.kr/kciportal/ci/seriesSearch/ciSereInfoView.kci?sereSearBean.insiId=INS000056618&sereSearBean.sereId=SER000006621
문화정책논총 (The Journal of Cultural Policy),KCI 등재,한국문화관광연구원,정책학,연3회,1.06,발행논문 : 연간 19건,총 논문 : 354건,정책,https://www.kci.go.kr/kciportal/ci/seriesSearch/ciSereInfoView.kci?sereSearBean.insiId=INS000002362&sereSearBean.sereId=002099
융합사회와 공공정책 (The Journal of Convergence Society and Public Policy),KCI 등재,단국대학교 융합사회연구소,정책학,연4회,1.68,발행논문 : 연간 25건,총 논문 : 295건,정책;공공,https://www.kci.go.kr/kciportal/ci/seriesSearch/ciSereInfoView.kci?sereSearBean.insiId=INS000004382&sereSearBean.sereId=SER000003905
입법과 정책 (Legislation and Policy Studies),KCI 등재,국회입법조사처,정책학,연3회,1.02,발행논문 : 연간 28건,총 논문 : 509건,정책;입법;법과 정책,https://www.kci.go.kr/kciportal/ci/seriesSearch/ciSereInfoView.kci?sereSearBean.insiId=INS000011529&sereSearBean.sereId=SER000003935
정보화정책,KCI 등재,한국지능정보사회진흥원,정책학,연4회,2.63,발행논문 : 연간 23건,총 논문 : 587건,정책,https://www.kci.go.kr/kciportal/ci/seriesSearch/ciSereInfoView.kci?sereSearBean.insiId=INS000002614&sereSearBean.sereId=000552
정보화정책 (Informatization Policy),KCI 등재,한국지능정보사회진흥원,정책학,연4회,2.63,발행논문 : 연간 23건,총 논문 : 587건,정책,https://www.kci.go.kr/kciportal/ci/seriesSearch/ciSereInfoView.kci?sereSearBean.insiId=INS000002614&sereSearBean.sereId=000552
정책논총 (The Korean Journal of Policy Studies),KCI 등재,서울대학교행정대학원,정책학,연4회,0.29,발행논문 : 연간 17건,총 논문 : 363건,행정;정책,https://www.kci.go.kr/kciportal/ci/seriesSearch/ciSereInfoView.kci?sereSearBean.insiId=INS000002138&sereSearBean.sereId=001564
정책분석평가학회보 (Korean Journal of Policy Analysis and Evaluation),KCI 등재,한국정책분석평가학회,정책학,연4회,1.52,발행논문 : 연간 35건,총 논문 : 871건,정책;국정,https://www.kci.go.kr/kciportal/ci/seriesSearch/ciSereInfoView.kci?sereSearBean.insiId=INS000000831&sereSearBean.sereId=000172
한국정책과학학회보 (korean policy sciences review),KCI 등재,한국정책과학학회,정책학,연4회,1.58,발행논문 : 연간 34건,총 논문 : 844건,정책;국정,https://www.kci.go.kr/kciportal/ci/seriesSearch/ciSereInfoView.kci?sereSearBean.insiId=INS000001643&sereSearBean.sereId=000863
한국정책학회보 (The Korea Association for Policy Studies),,한국정책학회,정책학,연4회,1.42,발행논문 : 연간 49건,"총 논문 : 1,227건",정책;국정,https://www.kci.go.kr/kciportal/ci/seriesSearch/ciSereInfoView.kci?sereSearBean.insiId=INS000000832&sereSearBean.sereId=000110
환경정책 (Journal of Environmental Policy and Administration),KCI 등재,한국환경정책학회,정책학,연4회,1.06,발행논문 : 연간 29건,총 논문 : 676건,정책,https://www.kci.go.kr/kciportal/ci/seriesSearch/ciSereInfoView.kci?sereSearBean.insiId=INS000001260&sereSearBean.sereId=001481
환경정책연구 (Journal of Environmental Policy),,한국환경연구원,정책학,연4회,0,발행논문 : 연간 21건,총 논문 : 229건,정책,https://www.kci.go.kr/kciportal/ci/seriesSearch/ciSereInfoView.kci?sereSearBean.insiId=INS000002622&sereSearBean.sereId=001796
Crisisonomy (Crisisonomy),KCI 등재,(사)위기관리이론과실천,정책학일반,연12회,0.54,발행논문 : 연간 106건,"총 논문 : 2,325건",정책;위기,https://www.kci.go.kr/kciportal/ci/seriesSearch/ciSereInfoView.kci?sereSearBean.insiId=INS000007795&sereSearBean.sereId=SER000001473
Journal of Safety and Crisis Management,KCI 등재,(사)위기관리이론과실천,정책학일반,연12회,0.07,발행논문 : 연간 51건,총 논문 : 409건,정책;위기,https://www.kci.go.kr/kciportal/ci/seriesSearch/ciSereInfoView.kci?sereSearBean.insiId=INS000007795&sereSearBean.sereId=SER000004496
글로컬정책연구,,한림대학교 글로벌사회공헌연구소,정책학일반,연2회,0,발행논문 : 연간 0건,총 논문 : 0건,정책,https://www.kci.go.kr/kciportal/ci/seriesSearch/ciSereInfoView.kci?sereSearBean.insiId=INS000011888&sereSearBean.sereId=SER000005656
위기관리연구논총 (Contingencies and Crisis and Management Review),,충북대학교 국가위기관리연구소,정책학일반,연2회,0,발행논문 : 연간 0건,총 논문 : 0건,정책;위기,https://www.kci.go.kr/kciportal/ci/seriesSearch/ciSereInfoView.kci?sereSearBean.insiId=INS000006204&sereSearBean.sereId=SER000005139
정책과학연구 (Journal of Policy Sciences),,단국대학교 정책과학연구소,정책학일반,연1회,0,발행논문 : 연간 0건,총 논문 : 0건,정책,https://www.kci.go.kr/kciportal/ci/seriesSearch/ciSereInfoView.kci?sereSearBean.insiId=INS000004389&sereSearBean.sereId=SER000002716
한국위기관리논집 (Korean Review of Crisis and Emergency Management),KCI 등재,(사)위기관리이론과실천,정책학일반,연12회,0.54,발행논문 : 연간 106건,"총 논문 : 2,325건",정책;위기,https://www.kci.go.kr/kciportal/ci/seriesSearch/ciSereInfoView.kci?sereSearBean.insiId=INS000007795&sereSearBean.sereId=SER000001473
공공선택학저널 (Journal of Public Choice),KCI 후보,공공선택학회,정치경제학,연2회,0,발행논문 : 연간 9건,총 논문 : 17건,공공,https://www.kci.go.kr/kciportal/ci/seriesSearch/ciSereInfoView.kci?sereSearBean.insiId=INS000073581&sereSearBean.sereId=SER000006685
한국공공선택학연구 (Korean Journal of Public Choice Economics),,국립경국대학교 한국애덤스미스공공선택학새마을운동교육연구소,정치경제학,연1회,0,발행논문 : 연간 0건,총 논문 : 0건,공공,https://www.kci.go.kr/kciportal/ci/seriesSearch/ciSereInfoView.kci?sereSearBean.insiId=INS000010001&sereSearBean.sereId=SER000003969
비교민주주의연구 (Comparative Democratic Studies),KCI 등재,인제대학교 민주주의와 자치 연구소,정치권력/정치과정,연2회,0.45,발행논문 : 연간 11건,총 논문 : 173건,자치,https://www.kci.go.kr/kciportal/ci/seriesSearch/ciSereInfoView.kci?sereSearBean.insiId=INS000062737&sereSearBean.sereId=SER000010553
한국정당학회보 (Korean Party Studies Review),KCI 등재,한국정당학회,정치권력/정치과정,연4회,1.37,발행논문 : 연간 17건,총 논문 : 346건,국정,https://www.kci.go.kr/kciportal/ci/seriesSearch/ciSereInfoView.kci?sereSearBean.insiId=INS000000547&sereSearBean.sereId=001868
IFANS Review,,외교통상부 외교안보연구원,정치외교학,연2회,0,발행논문 : 연간 0건,총 논문 : 0건,안보,https://www.kci.go.kr/kciportal/ci/seriesSearch/ciSereInfoView.kci?sereSearBean.insiId=INS000007725&sereSearBean.sereId=SER000001501
국가안보와 전략 (National Security and Strategy),KCI 등재,국가안보전략연구원,정치외교학,연4회,1.44,발행논문 : 연간 22건,총 논문 : 413건,안보;전략,https://www.kci.go.kr/kciportal/ci/seriesSearch/ciSereInfoView.kci?sereSearBean.insiId=INS000002487&sereSearBean.sereId=SER000010557
국가전략 (National Strategy),KCI 등재,세종연구소,정치외교학,연4회,1.04,발행논문 : 연간 24건,총 논문 : 601건,전략;국가전략,https://www.kci.go.kr/kciportal/ci/seriesSearch/ciSereInfoView.kci?sereSearBean.insiId=INS000002573&sereSearBean.sereId=000434
국제문제연구,KCI 등재,국가안보전략연구원,정치외교학,연4회,1.44,발행논문 : 연간 22건,총 논문 : 413건,안보;전략,https://www.kci.go.kr/kciportal/ci/seriesSearch/ciSereInfoView.kci?sereSearBean.insiId=INS000002487&sereSearBean.sereId=SER000010557
국제문제연구 (The Studies of International Affairs),KCI 등재,국가안보전략연구원,정치외교학,연4회,1.44,발행논문 : 연간 22건,총 논문 : 413건,안보;전략,https://www.kci.go.kr/kciportal/ci/seriesSearch/ciSereInfoView.kci?sereSearBean.insiId=INS000002487&sereSearBean.sereId=SER000010557
북한연구학회보 (NORTH KOREAN STUDIES REVIEW),KCI 등재,북한연구학회,정치외교학,연2회,1.32,발행논문 : 연간 19건,총 논문 : 471건,북한,https://www.kci.go.kr/kciportal/ci/seriesSearch/ciSereInfoView.kci?sereSearBean.insiId=INS000000907&sereSearBean.sereId=001326
전략연구 (STRATEGIC STUDIES),KCI 등재,(사) 한국전략문제연구소,정치외교학,연3회,1.24,발행논문 : 연간 20건,총 논문 : 496건,전략,https://www.kci.go.kr/kciportal/ci/seriesSearch/ciSereInfoView.kci?sereSearBean.insiId=INS000002636&sereSearBean.sereId=001467
정치·정보연구,KCI 등재,한국정치정보학회,정치외교학,연3회,0.8,발행논문 : 연간 23건,총 논문 : 662건,국정,https://www.kci.go.kr/kciportal/ci/seriesSearch/ciSereInfoView.kci?sereSearBean.insiId=INS000000557&sereSearBean.sereId=001718
정치·정보연구 (THE JOURNAL OF POLITICAL SCIENCE & COMMUNICATION),KCI 등재,한국정치정보학회,정치외교학,연3회,0.8,발행논문 : 연간 23건,총 논문 : 662건,국정,https://www.kci.go.kr/kciportal/ci/seriesSearch/ciSereInfoView.kci?sereSearBean.insiId=INS000000557&sereSearBean.sereId=001718
정치사상연구 (The Korean Review of Political Thought),KCI 등재,한국정치사상학회,정치외교학,연2회,0.58,발행논문 : 연간 13건,총 논문 : 322건,국정,https://www.kci.go.kr/kciportal/ci/seriesSearch/ciSereInfoView.kci?sereSearBean.insiId=INS000001772&sereSearBean.sereId=001328
통일문제연구 (The Korean Journal of Unification Affairs),KCI 등재,평화문제연구소,정치외교학,연2회,0.84,발행논문 : 연간 17건,총 논문 : 416건,통일,https://www.kci.go.kr/kciportal/ci/seriesSearch/ciSereInfoView.kci?sereSearBean.insiId=INS000002628&sereSearBean.sereId=000548
통일정책연구 (Unification Policy Studies),KCI 등재,통일연구원,정치외교학,연2회,2.17,발행논문 : 연간 17건,총 논문 : 576건,정책;통일,https://www.kci.go.kr/kciportal/ci/seriesSearch/ciSereInfoView.kci?sereSearBean.insiId=INS000002612&sereSearBean.sereId=001526
한국정치외교사논총 (Journal of Korean Political and Diplomatic History),KCI 등재,한국정치외교사학회,정치외교학,연2회,0.6,발행논문 : 연간 17건,총 논문 : 418건,국정,https://www.kci.go.kr/kciportal/ci/seriesSearch/ciSereInfoView.kci?sereSearBean.insiId=INS000000833&sereSearBean.sereId=001329
한국정치학회보 (Korean Political Science Review),,한국정치학회,정치외교학,연4회,1.63,발행논문 : 연간 46건,"총 논문 : 1,283건",국정,https://www.kci.go.kr/kciportal/ci/seriesSearch/ciSereInfoView.kci?sereSearBean.insiId=INS000000834&sereSearBean.sereId=000383
한국지방자치학회보 (Journal of Local Government Studies),KCI 등재,한국지방자치학회,정치외교학,연4회,2.29,발행논문 : 연간 33건,총 논문 : 821건,자치;지방,https://www.kci.go.kr/kciportal/ci/seriesSearch/ciSereInfoView.kci?sereSearBean.insiId=INS000000838&sereSearBean.sereId=000335
한국지방자치학회보 (Journal of Local Government Studis),KCI 등재,한국지방자치학회,정치외교학,연4회,2.29,발행논문 : 연간 33건,총 논문 : 821건,자치;지방,https://www.kci.go.kr/kciportal/ci/seriesSearch/ciSereInfoView.kci?sereSearBean.insiId=INS000000838&sereSearBean.sereId=000335
정치커뮤니케이션연구 (Journal of Political Communication),KCI 등재,한국정치커뮤니케이션학회,정치커뮤니케이션,연4회,1.62,발행논문 : 연간 21건,총 논문 : 406건,국정,https://www.kci.go.kr/kciportal/ci/seriesSearch/ciSereInfoView.kci?sereSearBean.insiId=INS000002040&sereSearBean.sereId=002092
정치비평,,한국정치연구회,정치학일반,연2회,0,발행논문 : 연간 0건,총 논문 : 0건,국정,https://www.kci.go.kr/kciportal/ci/seriesSearch/ciSereInfoView.kci?sereSearBean.insiId=INS000001566&sereSearBean.sereId=SER000009786
의정논총 (Journal of Parliamentary Research),KCI 등재,한국의정연구회,정치행정,연2회,0.32,발행논문 : 연간 20건,총 논문 : 333건,행정,https://www.kci.go.kr/kciportal/ci/seriesSearch/ciSereInfoView.kci?sereSearBean.insiId=INS000006870&sereSearBean.sereId=SER000001564
지방세논집 (Local Tax Review),KCI 등재,한국지방세학회,조세/세법,연3회,2.13,발행논문 : 연간 13건,총 논문 : 130건,지방,https://www.kci.go.kr/kciportal/ci/seriesSearch/ciSereInfoView.kci?sereSearBean.insiId=INS000061289&sereSearBean.sereId=SER000004916
CHINA연구,KCI 등재,부산대학교 중국전략연구소,중국,연4회,0.3,발행논문 : 연간 28건,총 논문 : 581건,전략,https://www.kci.go.kr/kciportal/ci/seriesSearch/ciSereInfoView.kci?sereSearBean.insiId=INS000002965&sereSearBean.sereId=SER000001567
China Watching,,아주대학교 중국정책연구소,중국,부정기,0,발행논문 : 연간 0건,총 논문 : 0건,정책;국정,https://www.kci.go.kr/kciportal/ci/seriesSearch/ciSereInfoView.kci?sereSearBean.insiId=INS000041690&sereSearBean.sereId=SER000004371
Journal of China Studies (Journal of China Studies),KCI 등재,부산대학교 중국전략연구소,중국,연4회,0.3,발행논문 : 연간 28건,총 논문 : 581건,전략,https://www.kci.go.kr/kciportal/ci/seriesSearch/ciSereInfoView.kci?sereSearBean.insiId=INS000002965&sereSearBean.sereId=SER000001567
중소기업정책연구 (Journal of SME Policy),KCI 등재,중소벤처기업연구원,중소기업경영,연3회,0.54,발행논문 : 연간 13건,총 논문 : 140건,정책,https://www.kci.go.kr/kciportal/ci/seriesSearch/ciSereInfoView.kci?sereSearBean.insiId=INS000051238&sereSearBean.sereId=SER000005917
서영대학교 지역발전연구소,,서영대학교 지역발전연구소,지방재정경제/지방재정,연1회,0,발행논문 : 연간 0건,총 논문 : 0건,지방,https://www.kci.go.kr/kciportal/ci/seriesSearch/ciSereInfoView.kci?sereSearBean.insiId=INS000005516&sereSearBean.sereId=SER000003399
자치행정연구 (Local Administration Reivew),,한양대학교 지방자치연구소,지방정치/지방자치,연2회,0,발행논문 : 연간 0건,총 논문 : 0건,행정;자치;지방,https://www.kci.go.kr/kciportal/ci/seriesSearch/ciSereInfoView.kci?sereSearBean.insiId=INS000005119&sereSearBean.sereId=SER000005936
한국지방정치학회보 (The Korean Regional Politics Review),KCI 후보,한국지방정치학회,지방정치/지방자치,연2회,1.72,발행논문 : 연간 8건,총 논문 : 93건,자치;지방,https://www.kci.go.kr/kciportal/ci/seriesSearch/ciSereInfoView.kci?sereSearBean.insiId=INS000002515&sereSearBean.sereId=SER000010574
지역정책 (THE KOREAN JOURNAL OF REGIONAL POLICY),,한국지역정책학회,지역경제/정책,연2회,0,발행논문 : 연간 0건,총 논문 : 0건,정책,https://www.kci.go.kr/kciportal/ci/seriesSearch/ciSereInfoView.kci?sereSearBean.insiId=INS000011347&sereSearBean.sereId=SER000004895
지역과 정치 (Local Society & Politics),KCI 등재,국립부경대학교 지방분권발전연구소,지역정치,연2회,0.28,발행논문 : 연간 12건,총 논문 : 69건,지방,https://www.kci.go.kr/kciportal/ci/seriesSearch/ciSereInfoView.kci?sereSearBean.insiId=INS000006889&sereSearBean.sereId=SER000005779
Entrepreneurship&ESG 연구 (Entrepreneurship&ESG Research),KCI 등재,단국대학교 글로벌벤처전략연구소,창업/벤처기업,연12회,1.44,발행논문 : 연간 24건,총 논문 : 144건,전략,https://www.kci.go.kr/kciportal/ci/seriesSearch/ciSereInfoView.kci?sereSearBean.insiId=INS000065289&sereSearBean.sereId=SER000006223
미래융합연구논문지 (Journal of Future Convergence Research),KCI 등재,단국대학교 글로벌벤처전략연구소,창업/벤처기업,연12회,1.44,발행논문 : 연간 24건,총 논문 : 144건,전략,https://www.kci.go.kr/kciportal/ci/seriesSearch/ciSereInfoView.kci?sereSearBean.insiId=INS000065289&sereSearBean.sereId=SER000006223
건강한 지구 소통과 정책 (Healthy Earth Communication And policy),,한림대학교 건강과뉴미디어 연구센터,커뮤니케이션학,연2회,0,발행논문 : 연간 0건,총 논문 : 0건,정책,https://www.kci.go.kr/kciportal/ci/seriesSearch/ciSereInfoView.kci?sereSearBean.insiId=INS000011887&sereSearBean.sereId=SER000006399
정보교육학회논문지 (JOURNAL OF The Korean Association of information Education),KCI 등재,한국정보교육학회,컴퓨터교육학,연6회,3.13,발행논문 : 연간 52건,"총 논문 : 1,570건",국정,https://www.kci.go.kr/kciportal/ci/seriesSearch/ciSereInfoView.kci?sereSearBean.insiId=INS000001650&sereSearBean.sereId=000854
북한법연구 (STUDIES ON NORTH KOREAN LAW),KCI 등재,통일과북한법학회,통일관계법,연2회,1,발행논문 : 연간 11건,총 논문 : 65건,북한;통일,https://www.kci.go.kr/kciportal/ci/seriesSearch/ciSereInfoView.kci?sereSearBean.insiId=INS000001980&sereSearBean.sereId=SER000010222
통일과 법률 (Unification & Law),KCI 등재,법무부,통일관계법,연4회,1.09,발행논문 : 연간 15건,총 논문 : 170건,통일,https://www.kci.go.kr/kciportal/ci/seriesSearch/ciSereInfoView.kci?sereSearBean.insiId=INS000002561&sereSearBean.sereId=SER000003837
통일법연구 (Journal of Unification Law),,헌법이론실무학회,통일관계법,연1회,0,발행논문 : 연간 0건,총 논문 : 0건,통일,https://www.kci.go.kr/kciportal/ci/seriesSearch/ciSereInfoView.kci?sereSearBean.insiId=INS000011594&sereSearBean.sereId=SER000004492
정서·행동장애연구 (JOURNAL OF EMOTIONAL & BEHAVIORAL DISORDERS),KCI 등재,한국정서행동장애학회,특수교육,연4회,2.09,발행논문 : 연간 62건,"총 논문 : 1,539건",국정,https://www.kci.go.kr/kciportal/ci/seriesSearch/ciSereInfoView.kci?sereSearBean.insiId=INS000000830&sereSearBean.sereId=000501
사학정책연구 (The Journal of Private School Policy),,한국사학정책포럼,학술/교육정책,연2회,0,발행논문 : 연간 0건,총 논문 : 0건,정책,https://www.kci.go.kr/kciportal/ci/seriesSearch/ciSereInfoView.kci?sereSearBean.insiId=INS000066355&sereSearBean.sereId=SER000005536
"청대학술논집 제29집, 제30집(2017년도)",,청주대학교 학술연구소,학술/교육정책,연2회,0,발행논문 : 연간 0건,총 논문 : 0건,정책,https://www.kci.go.kr/kciportal/ci/seriesSearch/ciSereInfoView.kci?sereSearBean.insiId=INS000004001&sereSearBean.sereId=SER000005271
"청대학술논집 제31집, 제32집(2018년도)",,청주대학교 학술연구소,학술/교육정책,연2회,0,발행논문 : 연간 0건,총 논문 : 0건,정책,https://www.kci.go.kr/kciportal/ci/seriesSearch/ciSereInfoView.kci?sereSearBean.insiId=INS000004001&sereSearBean.sereId=SER000005509
민족사상 (KOREA ASSOCIATION OF NATIONAL THOUGHT),,한국민족사상학회,한국정치사상,연3회,0,발행논문 : 연간 18건,총 논문 : 272건,국정,https://www.kci.go.kr/kciportal/ci/seriesSearch/ciSereInfoView.kci?sereSearBean.insiId=INS000002440&sereSearBean.sereId=SER000010545
한국정치연구,KCI 등재,서울대학교 한국정치연구소,한국정치사회,연3회,1.02,발행논문 : 연간 29건,총 논문 : 572건,국정,https://www.kci.go.kr/kciportal/ci/seriesSearch/ciSereInfoView.kci?sereSearBean.insiId=INS000003082&sereSearBean.sereId=001880
Journal of Territorial and Maritime Studies (Journal of Territorial and Maritime Studies),,연세대학교 통일연구원,해양,연2회,0,발행논문 : 연간 0건,총 논문 : 0건,통일,https://www.kci.go.kr/kciportal/ci/seriesSearch/ciSereInfoView.kci?sereSearBean.insiId=INS000010176&sereSearBean.sereId=SER000004822
해양안보 (Journal of Maritime Security),,한국해양전략연구소,해양,연2회,0,발행논문 : 연간 0건,총 논문 : 0건,안보;전략;해양안보,https://www.kci.go.kr/kciportal/ci/seriesSearch/ciSereInfoView.kci?sereSearBean.insiId=INS000067869&sereSearBean.sereId=SER000005589
경찰법학 (The Journal of Police Law),,경찰대학 경찰법센터,행정법,연1회,0,발행논문 : 연간 0건,총 논문 : 0건,행정;경찰,https://www.kci.go.kr/kciportal/ci/seriesSearch/ciSereInfoView.kci?sereSearBean.insiId=INS000073962&sereSearBean.sereId=SER000006348
행정법학 (Korean Journal of Administrative Law),KCI 등재,한국행정법학회,행정법,연2회,1.3,발행논문 : 연간 17건,총 논문 : 101건,행정,https://www.kci.go.kr/kciportal/ci/seriesSearch/ciSereInfoView.kci?sereSearBean.insiId=INS000011615&sereSearBean.sereId=SER000005834
행정판례연구 (Studies on Public Administration Cases),KCI 등재,한국행정판례연구회,행정법,연2회,0.7,발행논문 : 연간 20건,총 논문 : 437건,행정,https://www.kci.go.kr/kciportal/ci/seriesSearch/ciSereInfoView.kci?sereSearBean.insiId=INS000000637&sereSearBean.sereId=001580
한국행정사학지,KCI 등재,한국행정사학회,행정사,연3회,0.73,발행논문 : 연간 18건,총 논문 : 377건,행정,https://www.kci.go.kr/kciportal/ci/seriesSearch/ciSereInfoView.kci?sereSearBean.insiId=INS000000855&sereSearBean.sereId=002109
한국행정사학지 (Journal of Association for Korean Public Administration History),KCI 등재,한국행정사학회,행정사,연3회,0.73,발행논문 : 연간 18건,총 논문 : 377건,행정,https://www.kci.go.kr/kciportal/ci/seriesSearch/ciSereInfoView.kci?sereSearBean.insiId=INS000000855&sereSearBean.sereId=002109
한국행정사학회,KCI 등재,한국행정사학회,행정사,연3회,0.73,발행논문 : 연간 18건,총 논문 : 377건,행정,https://www.kci.go.kr/kciportal/ci/seriesSearch/ciSereInfoView.kci?sereSearBean.insiId=INS000000855&sereSearBean.sereId=002109
한국조직학회보 (Korean Review of Organizational Studies),KCI 등재,한국조직학회,행정조직/관리,연3회,2.43,발행논문 : 연간 16건,총 논문 : 370건,행정,https://www.kci.go.kr/kciportal/ci/seriesSearch/ciSereInfoView.kci?sereSearBean.insiId=INS000002380&sereSearBean.sereId=002136
Asian Journal of Political Science,,서울대학교 아시아연구소,행정학,연3회,0,발행논문 : 연간 18건,총 논문 : 316건,행정,https://www.kci.go.kr/kciportal/ci/seriesSearch/ciSereInfoView.kci?sereSearBean.insiId=INS000008422&sereSearBean.sereId=SER000003816
International Review of Public Administration (International Review of Public Administration),KCI 등재,한국행정학회,행정학,연4회,0.08,발행논문 : 연간 20건,총 논문 : 503건,행정,https://www.kci.go.kr/kciportal/ci/seriesSearch/ciSereInfoView.kci?sereSearBean.insiId=INS000000856&sereSearBean.sereId=000299
공공리더십연구 (Public Leadership Review),,한국행정연구원,행정학,연2회,0,발행논문 : 연간 0건,총 논문 : 0건,행정;공공,https://www.kci.go.kr/kciportal/ci/seriesSearch/ciSereInfoView.kci?sereSearBean.insiId=INS000002615&sereSearBean.sereId=SER000006250
공공행정논총 (KOREAN REVIEW OF PUBLIC ADMINISTRATION AND POLICY),,전남대학교 공공행정연구소,행정학,연1회,0,발행논문 : 연간 0건,총 논문 : 0건,행정;공공,https://www.kci.go.kr/kciportal/ci/seriesSearch/ciSereInfoView.kci?sereSearBean.insiId=INS000007322&sereSearBean.sereId=SER000003369
공기업논총,,(사)한국공기업학회,행정학,연2회,0,발행논문 : 연간 0건,총 논문 : 0건,행정,https://www.kci.go.kr/kciportal/ci/seriesSearch/ciSereInfoView.kci?sereSearBean.insiId=INS000065768&sereSearBean.sereId=SER000005445
국가위기관리연구 (Korean Journal of National Crisis and Emergency Management),,충북대학교 국가위기관리연구소,행정학,연2회,0,발행논문 : 연간 0건,총 논문 : 0건,행정;위기,https://www.kci.go.kr/kciportal/ci/seriesSearch/ciSereInfoView.kci?sereSearBean.insiId=INS000006204&sereSearBean.sereId=SER000000616
규제연구 (Journal of Regulation Studies),KCI 등재,한국규제학회,행정학,연2회,1.55,발행논문 : 연간 13건,총 논문 : 301건,행정;규제,https://www.kci.go.kr/kciportal/ci/seriesSearch/ciSereInfoView.kci?sereSearBean.insiId=INS000000323&sereSearBean.sereId=001058
도시행정학보 (Journal of The Korean Urban Management Association),KCI 등재,한국도시행정학회,행정학,연4회,1.73,발행논문 : 연간 33건,총 논문 : 758건,행정,https://www.kci.go.kr/kciportal/ci/seriesSearch/ciSereInfoView.kci?sereSearBean.insiId=INS000000769&sereSearBean.sereId=001469
정부학연구,KCI 등재,고려대학교 정부학연구소,행정학,연3회,1.06,발행논문 : 연간 24건,총 논문 : 593건,행정;정부,https://www.kci.go.kr/kciportal/ci/seriesSearch/ciSereInfoView.kci?sereSearBean.insiId=INS000004031&sereSearBean.sereId=000703
정부학연구 (Journal of Governmental Studies(JGS)),KCI 등재,고려대학교 정부학연구소,행정학,연3회,1.06,발행논문 : 연간 24건,총 논문 : 593건,행정;정부,https://www.kci.go.kr/kciportal/ci/seriesSearch/ciSereInfoView.kci?sereSearBean.insiId=INS000004031&sereSearBean.sereId=000703
지방자치정보 (Journal for Local Autonomy & Governance),,한양대학교 지방자치연구소,행정학,연2회,0,발행논문 : 연간 0건,총 논문 : 0건,행정;자치;지방,https://www.kci.go.kr/kciportal/ci/seriesSearch/ciSereInfoView.kci?sereSearBean.insiId=INS000005119&sereSearBean.sereId=SER000014804
지방정부연구 (The Korean Journal of Local Government Studies),KCI 등재,한국지방정부학회,행정학,연4회,2.29,발행논문 : 연간 62건,"총 논문 : 1,539건",행정;정부;지방,https://www.kci.go.kr/kciportal/ci/seriesSearch/ciSereInfoView.kci?sereSearBean.insiId=INS000001736&sereSearBean.sereId=000508
지방행정연구 (The Korea Local Administration Review),KCI 등재,(재) 한국지방행정연구원,행정학,연4회,1.9,발행논문 : 연간 39건,총 논문 : 965건,행정;지방,https://www.kci.go.kr/kciportal/ci/seriesSearch/ciSereInfoView.kci?sereSearBean.insiId=INS000002566&sereSearBean.sereId=001627
한국거버넌스학회보 (The Korean Governance Review),KCI 등재,한국거버넌스학회,행정학,연3회,1.14,발행논문 : 연간 30건,총 논문 : 627건,행정;거버넌스,https://www.kci.go.kr/kciportal/ci/seriesSearch/ciSereInfoView.kci?sereSearBean.insiId=INS000002035&sereSearBean.sereId=001707
한국공공윤리연구논총 (The Korean Journal of Public Service Ethics),,한국공공윤리학회,행정학,연2회,0,발행논문 : 연간 0건,총 논문 : 0건,행정;공공,https://www.kci.go.kr/kciportal/ci/seriesSearch/ciSereInfoView.kci?sereSearBean.insiId=INS000009342&sereSearBean.sereId=SER000003084
한국공안행정학회보 (Korean Associatin of Public Safety and Criminal Justice Review),KCI 등재,한국공안행정학회,행정학,연4회,0.91,발행논문 : 연간 43건,"총 논문 : 1,109건",행정;공안,https://www.kci.go.kr/kciportal/ci/seriesSearch/ciSereInfoView.kci?sereSearBean.insiId=INS000000746&sereSearBean.sereId=001378
한국공안행정학회보 (korean Journal of Public Safety and Criminal Justice),KCI 등재,한국공안행정학회,행정학,연4회,0.91,발행논문 : 연간 43건,"총 논문 : 1,109건",행정;공안,https://www.kci.go.kr/kciportal/ci/seriesSearch/ciSereInfoView.kci?sereSearBean.insiId=INS000000746&sereSearBean.sereId=001378
한국국정연구 (Journal of Government and Governance),,한국외국어대학교 국정관리연구소,행정학,연2회,0,발행논문 : 연간 0건,총 논문 : 0건,행정;국정,https://www.kci.go.kr/kciportal/ci/seriesSearch/ciSereInfoView.kci?sereSearBean.insiId=INS000005060&sereSearBean.sereId=SER000001261
한국도시행정학보 (Journal of The Korean Management Association),KCI 등재,한국도시행정학회,행정학,연4회,1.73,발행논문 : 연간 33건,총 논문 : 758건,행정,https://www.kci.go.kr/kciportal/ci/seriesSearch/ciSereInfoView.kci?sereSearBean.insiId=INS000000769&sereSearBean.sereId=001469
한국부패학회보 (Korean Corruption Studies Review),KCI 등재,한국부패학회,행정학,연4회,0.68,발행논문 : 연간 30건,총 논문 : 753건,행정,https://www.kci.go.kr/kciportal/ci/seriesSearch/ciSereInfoView.kci?sereSearBean.insiId=INS000000888&sereSearBean.sereId=000639
한국비교정부학보 (Korean Comparative Government Review),KCI 등재,한국비교정부학회,행정학,연4회,2.11,발행논문 : 연간 42건,총 논문 : 918건,행정;정부,https://www.kci.go.kr/kciportal/ci/seriesSearch/ciSereInfoView.kci?sereSearBean.insiId=INS000001646&sereSearBean.sereId=001721
한국사회와 행정연구 (Korean Society and Public Administration),KCI 등재,서울행정학회,행정학,연4회,2.38,발행논문 : 연간 46건,"총 논문 : 1,054건",행정;사회와 행정,https://www.kci.go.kr/kciportal/ci/seriesSearch/ciSereInfoView.kci?sereSearBean.insiId=INS000000707&sereSearBean.sereId=000388
한국인사행정학회보 (Korean Public Personnel Administration Review),KCI 등재,한국인사행정학회,행정학,연4회,2.94,발행논문 : 연간 30건,총 논문 : 686건,행정,https://www.kci.go.kr/kciportal/ci/seriesSearch/ciSereInfoView.kci?sereSearBean.insiId=INS000000522&sereSearBean.sereId=002098
한국지방행정학보 (KOREAN LOCAL ADMINISTRATION REVIEW),KCI 등재,한국지방행정학회,행정학,연3회,1.54,발행논문 : 연간 24건,총 논문 : 381건,행정;지방,https://www.kci.go.kr/kciportal/ci/seriesSearch/ciSereInfoView.kci?sereSearBean.insiId=INS000000573&sereSearBean.sereId=SER000008971
한국행정논집 (Korean Public Administration Quarterly),KCI 등재,한국정부학회,행정학,연4회,2.48,발행논문 : 연간 39건,총 논문 : 970건,행정;정부;국정,https://www.kci.go.kr/kciportal/ci/seriesSearch/ciSereInfoView.kci?sereSearBean.insiId=INS000000713&sereSearBean.sereId=000253
한국행정연구,KCI 등재,한국행정연구원,행정학,연4회,2.27,발행논문 : 연간 30건,총 논문 : 746건,행정,https://www.kci.go.kr/kciportal/ci/seriesSearch/ciSereInfoView.kci?sereSearBean.insiId=INS000002615&sereSearBean.sereId=000428
한국행정연구 (The Korea Public Administration Journal),KCI 등재,한국행정연구원,행정학,연4회,2.27,발행논문 : 연간 30건,총 논문 : 746건,행정,https://www.kci.go.kr/kciportal/ci/seriesSearch/ciSereInfoView.kci?sereSearBean.insiId=INS000002615&sereSearBean.sereId=000428
한국행정연구 (The Korean Journal of Public Administration),KCI 등재,한국행정연구원,행정학,연4회,2.27,발행논문 : 연간 30건,총 논문 : 746건,행정,https://www.kci.go.kr/kciportal/ci/seriesSearch/ciSereInfoView.kci?sereSearBean.insiId=INS000002615&sereSearBean.sereId=000428
한국행정학보 (Korean Public Administration Review),,한국행정학회,행정학,연4회,2.61,발행논문 : 연간 54건,"총 논문 : 1,410건",행정,https://www.kci.go.kr/kciportal/ci/seriesSearch/ciSereInfoView.kci?sereSearBean.insiId=INS000000856&sereSearBean.sereId=000298
행정논총,KCI 등재,서울대학교 한국행정연구소,행정학,연4회,1.37,발행논문 : 연간 38건,총 논문 : 951건,행정,https://www.kci.go.kr/kciportal/ci/seriesSearch/ciSereInfoView.kci?sereSearBean.insiId=INS000003043&sereSearBean.sereId=000826
행정문제연구 (Kyung Hee Public Affairs Journal),,경희대학교 사회과학연구원,행정학,연2회,0,발행논문 : 연간 0건,총 논문 : 0건,행정,https://www.kci.go.kr/kciportal/ci/seriesSearch/ciSereInfoView.kci?sereSearBean.insiId=INS000003924&sereSearBean.sereId=SER000000604
행정언어와 질적연구 (Language of Public Administration and Qualitative Research),,행정언어와질적연구학회,행정학,연2회,0,발행논문 : 연간 0건,총 논문 : 0건,행정,https://www.kci.go.kr/kciportal/ci/seriesSearch/ciSereInfoView.kci?sereSearBean.insiId=INS000008968&sereSearBean.sereId=SER000002753
감사논집,KCI 등재,감사연구원,행정학일반,연2회,0.4,발행논문 : 연간 15건,총 논문 : 146건,행정,https://www.kci.go.kr/kciportal/ci/seriesSearch/ciSereInfoView.kci?sereSearBean.insiId=INS000042346&sereSearBean.sereId=SER000004846
정부행정 (Journal of Government Administration),KCI 등재,명지대학교(서울캠퍼스) 정부혁신연구소,행정학일반,연2회,0.47,발행논문 : 연간 7건,총 논문 : 146건,행정;정부,https://www.kci.go.kr/kciportal/ci/seriesSearch/ciSereInfoView.kci?sereSearBean.insiId=INS000011798&sereSearBean.sereId=SER000004789
International Journal of Criminal Justice (International Journal of Criminal Justice),,한국형사법무정책연구원,형법,연2회,0,발행논문 : 연간 0건,총 논문 : 0건,정책,https://www.kci.go.kr/kciportal/ci/seriesSearch/ciSereInfoView.kci?sereSearBean.insiId=INS000002577&sereSearBean.sereId=SER000005822
교정담론 (Korean Journal of Correctional Discourse),KCI 등재,아시아교정포럼,형사정책,연3회,1.07,발행논문 : 연간 23건,총 논문 : 399건,정책,https://www.kci.go.kr/kciportal/ci/seriesSearch/ciSereInfoView.kci?sereSearBean.insiId=INS000002522&sereSearBean.sereId=SER000010578
소년보호연구 (Korean Juvenile Protection Review),KCI 등재,한국소년정책학회,형사정책,연2회,0.84,발행논문 : 연간 21건,총 논문 : 360건,정책,https://www.kci.go.kr/kciportal/ci/seriesSearch/ciSereInfoView.kci?sereSearBean.insiId=INS000006628&sereSearBean.sereId=SER000001529
피해자학연구 (Korean Journal of Victimology),KCI 등재,한국피해자학회,형사정책,연3회,1.5,발행논문 : 연간 23건,총 논문 : 584건,정책,https://www.kci.go.kr/kciportal/ci/seriesSearch/ciSereInfoView.kci?sereSearBean.insiId=INS000000852&sereSearBean.sereId=001605
형사정책 (Korean Journal Of Criminology),KCI 등재,한국형사정책학회,형사정책,연4회,1.53,발행논문 : 연간 29건,총 논문 : 714건,정책,https://www.kci.go.kr/kciportal/ci/seriesSearch/ciSereInfoView.kci?sereSearBean.insiId=INS000000859&sereSearBean.sereId=001311
형사판례연구 (Korean Journal of Criminal Case Studies),KCI 등재,한국형사판례연구회,형사정책,연1회,1.63,발행논문 : 연간 17건,총 논문 : 288건,정책,https://www.kci.go.kr/kciportal/ci/seriesSearch/ciSereInfoView.kci?sereSearBean.insiId=INS000002336&sereSearBean.sereId=SER000010500
교통학연구,KCI 후보,사단법인 교통법정책학회,환경/교통법,연2회,0,발행논문 : 연간 9건,총 논문 : 18건,정책,https://www.kci.go.kr/kciportal/ci/seriesSearch/ciSereInfoView.kci?sereSearBean.insiId=INS000076561&sereSearBean.sereId=SER000006524
World Environment and Island Studies,,세계섬학회,환경행정,연4회,0,발행논문 : 연간 18건,총 논문 : 211건,행정,https://www.kci.go.kr/kciportal/ci/seriesSearch/ciSereInfoView.kci?sereSearBean.insiId=INS000001868&sereSearBean.sereId=SER000003805
회계연구 (Korean Academic Society of Accounting),KCI 등재,한국회계정책학회,회계학,연4회,0.68,발행논문 : 연간 40건,총 논문 : 843건,정책,https://www.kci.go.kr/kciportal/ci/seriesSearch/ciSereInfoView.kci?sereSearBean.insiId=INS000002027&sereSearBean.sereId=001804
회계와 정책연구 (Review of Accounting and Policy Studies),KCI 등재,한국회계정책학회,회계학,연4회,0.68,발행논문 : 연간 40건,총 논문 : 843건,정책,https://www.kci.go.kr/kciportal/ci/seriesSearch/ciSereInfoView.kci?sereSearBean.insiId=INS000002027&sereSearBean.sereId=001804
