category,name,status,institution,field,freq,impact,annual,total,hits,href
A_admin_policy_general,4차산업혁명 법과 정책,,4차산업혁명융합법학회,법학,연2회,0,발행논문 : 연간 0건,총 논문 : 0건,정책;법과 정책,https://www.kci.go.kr/kciportal/ci/seriesSearch/ciSereInfoView.kci?sereSearBean.insiId=INS000072121&sereSearBean.sereId=SER000006598
A_admin_policy_general,Asia Business and Service Innovation (Asia Business and Service Innovation),,외식서비스경영학회,경영전략/정책,연2회,0,발행논문 : 연간 0건,총 논문 : 0건,정책;전략,https://www.kci.go.kr/kciportal/ci/seriesSearch/ciSereInfoView.kci?sereSearBean.insiId=INS000069252&sereSearBean.sereId=SER000006868
A_admin_policy_general,Asian Journal of Political Science,,서울대학교 아시아연구소,행정학,연3회,0,발행논문 : 연간 18건,총 논문 : 316건,행정,https://www.kci.go.kr/kciportal/ci/seriesSearch/ciSereInfoView.kci?sereSearBean.insiId=INS000008422&sereSearBean.sereId=SER000003816
A_admin_policy_general,CHINA연구,KCI 등재,부산대학교 중국전략연구소,중국,연4회,0.3,발행논문 : 연간 28건,총 논문 : 581건,전략,https://www.kci.go.kr/kciportal/ci/seriesSearch/ciSereInfoView.kci?sereSearBean.insiId=INS000002965&sereSearBean.sereId=SER000001567
A_admin_policy_general,China Watching,,아주대학교 중국정책연구소,중국,부정기,0,발행논문 : 연간 0건,총 논문 : 0건,정책;국정,https://www.kci.go.kr/kciportal/ci/seriesSearch/ciSereInfoView.kci?sereSearBean.insiId=INS000041690&sereSearBean.sereId=SER000004371
A_admin_policy_general,East Asian Economic Review (East Asian Economic Review),KCI 등재,대외경제정책연구원,경제학,연4회,0.28,발행논문 : 연간 16건,총 논문 : 467건,정책,https://www.kci.go.kr/kciportal/ci/seriesSearch/ciSereInfoView.kci?sereSearBean.insiId=INS000002575&sereSearBean.sereId=001399
A_admin_policy_general,Entrepreneurship&ESG 연구 (Entrepreneurship&ESG Research),KCI 등재,단국대학교 글로벌벤처전략연구소,창업/벤처기업,연12회,1.44,발행논문 : 연간 24건,총 논문 : 144건,전략,https://www.kci.go.kr/kciportal/ci/seriesSearch/ciSereInfoView.kci?sereSearBean.insiId=INS000065289&sereSearBean.sereId=SER000006223
A_admin_policy_general,International Journal of Criminal Justice (International Journal of Criminal Justice),,한국형사법무정책연구원,형법,연2회,0,발행논문 : 연간 0건,총 논문 : 0건,정책,https://www.kci.go.kr/kciportal/ci/seriesSearch/ciSereInfoView.kci?sereSearBean.insiId=INS000002577&sereSearBean.sereId=SER000005822
A_admin_policy_general,International Journal of Policy Studies (International Journal of Policy Studies),,한국정책학회,정책학,연2회,0,발행논문 : 연간 0건,총 논문 : 0건,정책;국정,https://www.kci.go.kr/kciportal/ci/seriesSearch/ciSereInfoView.kci?sereSearBean.insiId=INS000000832&sereSearBean.sereId=SER000005627
A_admin_policy_general,International Review of Public Administration (International Review of Public Administration),KCI 등재,한국행정학회,행정학,연4회,0.08,발행논문 : 연간 20건,총 논문 : 503건,행정,https://www.kci.go.kr/kciportal/ci/seriesSearch/ciSereInfoView.kci?sereSearBean.insiId=INS000000856&sereSearBean.sereId=000299
A_admin_policy_general,Jouranl of Information Technology Applications & Management (Journal of Information Technology Applications & Management),,한국정보기술응용학회,경영정보시스템,연4회,0.67,발행논문 : 연간 0건,총 논문 : 0건,국정,https://www.kci.go.kr/kciportal/ci/seriesSearch/ciSereInfoView.kci?sereSearBean.insiId=INS000001755&sereSearBean.sereId=SER000009998
A_admin_policy_general,Journal of China Studies (Journal of China Studies),KCI 등재,부산대학교 중국전략연구소,중국,연4회,0.3,발행논문 : 연간 28건,총 논문 : 581건,전략,https://www.kci.go.kr/kciportal/ci/seriesSearch/ciSereInfoView.kci?sereSearBean.insiId=INS000002965&sereSearBean.sereId=SER000001567
A_admin_policy_general,Journal of East Asian Economic Integration (Journal of East Asian Economic Integration),KCI 등재,대외경제정책연구원,경제학,연4회,0.28,발행논문 : 연간 16건,총 논문 : 467건,정책,https://www.kci.go.kr/kciportal/ci/seriesSearch/ciSereInfoView.kci?sereSearBean.insiId=INS000002575&sereSearBean.sereId=001399
A_admin_policy_general,Journal of Information Technology Applications & Management (Journal of Information Technology Applications & Management),KCI 등재,한국데이터전략학회,경영학,연6회,0.67,발행논문 : 연간 41건,"총 논문 : 1,036건",전략,https://www.kci.go.kr/kciportal/ci/seriesSearch/ciSereInfoView.kci?sereSearBean.insiId=INS000000014&sereSearBean.sereId=000870
A_admin_policy_general,Journal of Information Technology Applications & Menagement (Journal of Information Technology Applications & Menagement),KCI 등재,한국데이터전략학회,경영학,연6회,0.67,발행논문 : 연간 41건,"총 논문 : 1,036건",전략,https://www.kci.go.kr/kciportal/ci/seriesSearch/ciSereInfoView.kci?sereSearBean.insiId=INS000000014&sereSearBean.sereId=000870
A_admin_policy_general,Journal of Policy Studies (Journal of Policy Studies),KCI 등재,서울대학교행정대학원,정책학,연4회,0.29,발행논문 : 연간 17건,총 논문 : 363건,행정;정책,https://www.kci.go.kr/kciportal/ci/seriesSearch/ciSereInfoView.kci?sereSearBean.insiId=INS000002138&sereSearBean.sereId=001564
A_admin_policy_general,Journal of SIGG (Journal of SIGG),,숙명여자대학교 글로벌거버넌스연구소,국제관계/협력,연1회,0,발행논문 : 연간 0건,총 논문 : 0건,거버넌스,https://www.kci.go.kr/kciportal/ci/seriesSearch/ciSereInfoView.kci?sereSearBean.insiId=INS000058103&sereSearBean.sereId=SER000005705
A_admin_policy_general,KDI정책연구,KCI 등재,한국개발연구원,경제학,연4회,0.08,발행논문 : 연간 15건,총 논문 : 386건,정책,https://www.kci.go.kr/kciportal/ci/seriesSearch/ciSereInfoView.kci?sereSearBean.insiId=INS000002605&sereSearBean.sereId=001088
A_admin_policy_general,The Korean Journal of Policy Studies (The Korean Journal of Policy Studies),KCI 등재,서울대학교행정대학원,정책학,연4회,0.29,발행논문 : 연간 17건,총 논문 : 363건,행정;정책,https://www.kci.go.kr/kciportal/ci/seriesSearch/ciSereInfoView.kci?sereSearBean.insiId=INS000002138&sereSearBean.sereId=001564
A_admin_policy_general,World Environment and Island Studies,,세계섬학회,환경행정,연4회,0,발행논문 : 연간 18건,총 논문 : 211건,행정,https://www.kci.go.kr/kciportal/ci/seriesSearch/ciSereInfoView.kci?sereSearBean.insiId=INS000001868&sereSearBean.sereId=SER000003805
A_admin_policy_general,고등교육정책연구 (Journal of Higher Education Policy),,고려대학교 고등교육정책연구소,교육학,연2회,0,발행논문 : 연간 0건,총 논문 : 0건,정책,https://www.kci.go.kr/kciportal/ci/seriesSearch/ciSereInfoView.kci?sereSearBean.insiId=INS000006892&sereSearBean.sereId=SER000002491
A_admin_policy_general,공공리더십연구 (Public Leadership Review),,한국행정연구원,행정학,연2회,0,발행논문 : 연간 0건,총 논문 : 0건,행정;공공,https://www.kci.go.kr/kciportal/ci/seriesSearch/ciSereInfoView.kci?sereSearBean.insiId=INS000002615&sereSearBean.sereId=SER000006250
A_admin_policy_general,공공사회연구 (Journal of Public Society),KCI 등재,한국공공사회학회,사회과학일반,연4회,1.08,발행논문 : 연간 25건,총 논문 : 350건,공공,https://www.kci.go.kr/kciportal/ci/seriesSearch/ciSereInfoView.kci?sereSearBean.insiId=INS000008693&sereSearBean.sereId=SER000002738
A_admin_policy_general,공공정책과 국정관리 (The Journal of Public Policy and Governance),KCI 등재,단국대학교 융합사회연구소,정책학,연4회,1.68,발행논문 : 연간 25건,총 논문 : 295건,정책;공공;국정,https://www.kci.go.kr/kciportal/ci/seriesSearch/ciSereInfoView.kci?sereSearBean.insiId=INS000004382&sereSearBean.sereId=SER000003905
A_admin_policy_general,공공행정논총 (KOREAN REVIEW OF PUBLIC ADMINISTRATION AND POLICY),,전남대학교 공공행정연구소,행정학,연1회,0,발행논문 : 연간 0건,총 논문 : 0건,행정;공공,https://www.kci.go.kr/kciportal/ci/seriesSearch/ciSereInfoView.kci?sereSearBean.insiId=INS000007322&sereSearBean.sereId=SER000003369
A_admin_policy_general,공기업논총,,(사)한국공기업학회,행정학,연2회,0,발행논문 : 연간 0건,총 논문 : 0건,행정,https://www.kci.go.kr/kciportal/ci/seriesSearch/ciSereInfoView.kci?sereSearBean.insiId=INS000065768&sereSearBean.sereId=SER000005445
A_admin_policy_general,교육행정학연구 (The Journal of Educational Administration),KCI 등재,한국교육행정학회,교육학,연5회,2.34,발행논문 : 연간 64건,"총 논문 : 1,604건",행정,https://www.kci.go.kr/kciportal/ci/seriesSearch/ciSereInfoView.kci?sereSearBean.insiId=INS000000708&sereSearBean.sereId=000511
A_admin_policy_general,교정담론 (Korean Journal of Correctional Discourse),KCI 등재,아시아교정포럼,형사정책,연3회,1.07,발행논문 : 연간 23건,총 논문 : 399건,정책,https://www.kci.go.kr/kciportal/ci/seriesSearch/ciSereInfoView.kci?sereSearBean.insiId=INS000002522&sereSearBean.sereId=SER000010578
A_admin_policy_general,교통학연구,KCI 후보,사단법인 교통법정책학회,환경/교통법,연2회,0,발행논문 : 연간 9건,총 논문 : 18건,정책,https://www.kci.go.kr/kciportal/ci/seriesSearch/ciSereInfoView.kci?sereSearBean.insiId=INS000076561&sereSearBean.sereId=SER000006524
A_admin_policy_general,국가전략연구 (National Strategy Research),,세종대학교 국가전략연구소,경제학일반,연2회,0,발행논문 : 연간 0건,총 논문 : 0건,전략;국가전략,https://www.kci.go.kr/kciportal/ci/seriesSearch/ciSereInfoView.kci?sereSearBean.insiId=INS000010553&sereSearBean.sereId=SER000005442
A_admin_policy_general,국가정책연구 (Public Policy Review),KCI 등재,중앙대학교 국가정책연구소,정책학,연4회,1.08,발행논문 : 연간 26건,총 논문 : 571건,정책,https://www.kci.go.kr/kciportal/ci/seriesSearch/ciSereInfoView.kci?sereSearBean.insiId=INS000005021&sereSearBean.sereId=SER000014685
A_admin_policy_general,국정관리연구 (Journal of Governance Studies),KCI 등재,성균관대학교 국정전문대학원,기타행정학,연4회,0.97,발행논문 : 연간 19건,총 논문 : 325건,행정;국정,https://www.kci.go.kr/kciportal/ci/seriesSearch/ciSereInfoView.kci?sereSearBean.insiId=INS000007809&sereSearBean.sereId=SER000001525
A_admin_policy_general,국제법무,KCI 등재,제주대학교 법과정책연구원,비교법학,연2회,0.38,발행논문 : 연간 17건,총 논문 : 303건,정책,https://www.kci.go.kr/kciportal/ci/seriesSearch/ciSereInfoView.kci?sereSearBean.insiId=INS000003250&sereSearBean.sereId=SER000001012
A_admin_policy_general,권익,,국민권익위원회,정책학,연1회,0,발행논문 : 연간 0건,총 논문 : 0건,정책,https://www.kci.go.kr/kciportal/ci/seriesSearch/ciSereInfoView.kci?sereSearBean.insiId=INS000056618&sereSearBean.sereId=SER000006621
A_admin_policy_general,규제연구 (Journal of Regulation Studies),KCI 등재,한국규제학회,행정학,연2회,1.55,발행논문 : 연간 13건,총 논문 : 301건,행정;규제,https://www.kci.go.kr/kciportal/ci/seriesSearch/ciSereInfoView.kci?sereSearBean.insiId=INS000000323&sereSearBean.sereId=001058
A_admin_policy_general,글로벌 거버넌스와 문화,KCI 등재,한양대학교 유럽-아프리카 연구소,사회과학일반,연2회,0.13,발행논문 : 연간 9건,총 논문 : 56건,거버넌스,https://www.kci.go.kr/kciportal/ci/seriesSearch/ciSereInfoView.kci?sereSearBean.insiId=INS000010016&sereSearBean.sereId=SER000006253
A_admin_policy_general,글로컬정책연구,,한림대학교 글로벌사회공헌연구소,정책학일반,연2회,0,발행논문 : 연간 0건,총 논문 : 0건,정책,https://www.kci.go.kr/kciportal/ci/seriesSearch/ciSereInfoView.kci?sereSearBean.insiId=INS000011888&sereSearBean.sereId=SER000005656
A_admin_policy_general,대외경제연구 (Journal of East Asian Economic Integration),KCI 등재,대외경제정책연구원,경제학,연4회,0.28,발행논문 : 연간 16건,총 논문 : 467건,정책,https://www.kci.go.kr/kciportal/ci/seriesSearch/ciSereInfoView.kci?sereSearBean.insiId=INS000002575&sereSearBean.sereId=001399
A_admin_policy_general,미디어와 정책 (Korean Journal of Media and Policy),KCI 후보,한국미디어정책학회,미디어산업,연2회,0,발행논문 : 연간 4건,총 논문 : 14건,정책,https://www.kci.go.kr/kciportal/ci/seriesSearch/ciSereInfoView.kci?sereSearBean.insiId=INS000074071&sereSearBean.sereId=SER000006313
A_admin_policy_general,미래사회 (Journal of Future Society),KCI 등재,서울사이버대학교 미래사회전략연구소,기타사회과학,연3회,1.54,발행논문 : 연간 16건,총 논문 : 196건,전략;사이버,https://www.kci.go.kr/kciportal/ci/seriesSearch/ciSereInfoView.kci?sereSearBean.insiId=INS000008618&sereSearBean.sereId=SER000003132
A_admin_policy_general,미래성장연구 (Future Growth Studies),KCI 등재,고려대학교 미래성장연구원,경제정책,연2회,0.75,발행논문 : 연간 7건,총 논문 : 85건,정책,https://www.kci.go.kr/kciportal/ci/seriesSearch/ciSereInfoView.kci?sereSearBean.insiId=INS000011490&sereSearBean.sereId=SER000004477
A_admin_policy_general,미래융합연구논문지 (Journal of Future Convergence Research),KCI 등재,단국대학교 글로벌벤처전략연구소,창업/벤처기업,연12회,1.44,발행논문 : 연간 24건,총 논문 : 144건,전략,https://www.kci.go.kr/kciportal/ci/seriesSearch/ciSereInfoView.kci?sereSearBean.insiId=INS000065289&sereSearBean.sereId=SER000006223
A_admin_policy_general,법과정책,KCI 등재,제주대학교 법과정책연구원,기타법학,연3회,0.83,발행논문 : 연간 31건,총 논문 : 529건,정책,https://www.kci.go.kr/kciportal/ci/seriesSearch/ciSereInfoView.kci?sereSearBean.insiId=INS000003250&sereSearBean.sereId=SER000011681
A_admin_policy_general,법과정책연구 (Journal of Law and Politics research),KCI 등재,한국법정책학회,법학,연4회,1.12,발행논문 : 연간 45건,"총 논문 : 1,028건",정책,https://www.kci.go.kr/kciportal/ci/seriesSearch/ciSereInfoView.kci?sereSearBean.insiId=INS000000395&sereSearBean.sereId=001579
A_admin_policy_general,법정책논총,,대진대학교 미래융합법연구소,법학일반,부정기,0,발행논문 : 연간 0건,총 논문 : 0건,정책,https://www.kci.go.kr/kciportal/ci/seriesSearch/ciSereInfoView.kci?sereSearBean.insiId=INS000010978&sereSearBean.sereId=SER000003923
A_admin_policy_general,법학연구,,국립군산대학교 법학연구소,사회과학일반,연1회,0,발행논문 : 연간 0건,총 논문 : 0건,군,https://www.kci.go.kr/kciportal/ci/seriesSearch/ciSereInfoView.kci?sereSearBean.insiId=INS000002866&sereSearBean.sereId=SER000001686
A_admin_policy_general,보건경제와 정책연구 (The Korean Journal of Health Economics and Policy),KCI 등재,한국보건경제정책학회,사회과학일반,연4회,0.71,발행논문 : 연간 19건,총 논문 : 407건,정책,https://www.kci.go.kr/kciportal/ci/seriesSearch/ciSereInfoView.kci?sereSearBean.insiId=INS000002122&sereSearBean.sereId=001714
A_admin_policy_general,보호관찰 (Korean Journal of Probation),KCI 등재,한국보호관찰학회,법정책학,연2회,0.85,발행논문 : 연간 13건,총 논문 : 209건,정책,https://www.kci.go.kr/kciportal/ci/seriesSearch/ciSereInfoView.kci?sereSearBean.insiId=INS000000402&sereSearBean.sereId=SER000008864
A_admin_policy_general,복지행정논총 (Journal of Welfare Administration),,한국복지행정학회,사회과학,연2회,0,발행논문 : 연간 0건,총 논문 : 0건,행정,https://www.kci.go.kr/kciportal/ci/seriesSearch/ciSereInfoView.kci?sereSearBean.insiId=INS000000783&sereSearBean.sereId=SER000009157
A_admin_policy_general,복지행정연구,,안양대학교 복지행정연구소,사회복지행정,연1회,0,발행논문 : 연간 0건,총 논문 : 0건,행정,https://www.kci.go.kr/kciportal/ci/seriesSearch/ciSereInfoView.kci?sereSearBean.insiId=INS000003974&sereSearBean.sereId=SER000012973
A_admin_policy_general,부동산정책연구 (Journal of Real Estate Policy Research),KCI 등재,한국부동산정책학회,기타사회과학,연3회,0.42,발행논문 : 연간 19건,총 논문 : 206건,정책,https://www.kci.go.kr/kciportal/ci/seriesSearch/ciSereInfoView.kci?sereSearBean.insiId=INS000000407&sereSearBean.sereId=SER000008872
A_admin_policy_general,사법 (JURIS),KCI 등재,사법발전재단,법정책학,연4회,1.38,발행논문 : 연간 45건,총 논문 : 903건,정책,https://www.kci.go.kr/kciportal/ci/seriesSearch/ciSereInfoView.kci?sereSearBean.insiId=INS000008130&sereSearBean.sereId=SER000001788
A_admin_policy_general,사이버커뮤니케이션학보 (Journal of Cybercommunication Academic Society),KCI 등재,사이버커뮤니케이션학회,사회과학일반,연4회,3.27,발행논문 : 연간 20건,총 논문 : 450건,사이버,https://www.kci.go.kr/kciportal/ci/seriesSearch/ciSereInfoView.kci?sereSearBean.insiId=INS000001946&sereSearBean.sereId=001789
A_admin_policy_general,사회과학담론과 정책 (Discourse and Policy in Social Science),KCI 등재,경북대학교 사회과학연구원,사회과학일반,연2회,1.86,발행논문 : 연간 15건,총 논문 : 279건,정책,https://www.kci.go.kr/kciportal/ci/seriesSearch/ciSereInfoView.kci?sereSearBean.insiId=INS000006899&sereSearBean.sereId=SER000000901
A_admin_policy_general,사회적기업과 정책연구 (Social Enterprise & Policy Studies),,충북대학교 사회과학연구소,기타사회과학,연2회,0,발행논문 : 연간 0건,총 논문 : 0건,정책,https://www.kci.go.kr/kciportal/ci/seriesSearch/ciSereInfoView.kci?sereSearBean.insiId=INS000003312&sereSearBean.sereId=SER000003200
A_admin_policy_general,산업연구(JIET) (Journal of Industrial Economics and Trade),KCI 등재,산업연구원,경제정책,연2회,0.75,발행논문 : 연간 9건,총 논문 : 93건,정책,https://www.kci.go.kr/kciportal/ci/seriesSearch/ciSereInfoView.kci?sereSearBean.insiId=INS000046816&sereSearBean.sereId=SER000005103
A_admin_policy_general,상황과복지 (Journal of Critical Social Welfare),KCI 등재,비판과 대안을 위한 사회복지학회/ 건강정책학회,기타사회복지학,연4회,1.72,발행논문 : 연간 32건,총 논문 : 537건,정책,https://www.kci.go.kr/kciportal/ci/seriesSearch/ciSereInfoView.kci?sereSearBean.insiId=INS000001990&sereSearBean.sereId=SER000010228
A_admin_policy_general,소년보호연구 (Korean Juvenile Protection Review),KCI 등재,한국소년정책학회,형사정책,연2회,0.84,발행논문 : 연간 21건,총 논문 : 360건,정책,https://www.kci.go.kr/kciportal/ci/seriesSearch/ciSereInfoView.kci?sereSearBean.insiId=INS000006628&sereSearBean.sereId=SER000001529
A_admin_policy_general,유통전략연구 (Journal of Distribution Strategy),,세종대학교 유통전략연구소,소매유통,연2회,0,발행논문 : 연간 0건,총 논문 : 0건,전략,https://www.kci.go.kr/kciportal/ci/seriesSearch/ciSereInfoView.kci?sereSearBean.insiId=INS000071935&sereSearBean.sereId=SER000006350
A_admin_policy_general,육아정책연구 (Korean Journal of Child Care and Education Policy),KCI 등재,육아정책연구소,사회과학일반,연3회,2.66,발행논문 : 연간 15건,총 논문 : 301건,정책,https://www.kci.go.kr/kciportal/ci/seriesSearch/ciSereInfoView.kci?sereSearBean.insiId=INS000008476&sereSearBean.sereId=SER000002260
A_admin_policy_general,융합사회와 공공정책 (The Journal of Convergence Society and Public Policy),KCI 등재,단국대학교 융합사회연구소,정책학,연4회,1.68,발행논문 : 연간 25건,총 논문 : 295건,정책;공공,https://www.kci.go.kr/kciportal/ci/seriesSearch/ciSereInfoView.kci?sereSearBean.insiId=INS000004382&sereSearBean.sereId=SER000003905
A_admin_policy_general,재무행정연구 (Public Financial Administration),KCI 후보,사단법인 한국재무행정학회,재무행정,연3회,0,발행논문 : 연간 12건,총 논문 : 37건,행정,https://www.kci.go.kr/kciportal/ci/seriesSearch/ciSereInfoView.kci?sereSearBean.insiId=INS000074895&sereSearBean.sereId=SER000006443
A_admin_policy_general,정보교육학회논문지 (JOURNAL OF The Korean Association of information Education),KCI 등재,한국정보교육학회,컴퓨터교육학,연6회,3.13,발행논문 : 연간 52건,"총 논문 : 1,570건",국정,https://www.kci.go.kr/kciportal/ci/seriesSearch/ciSereInfoView.kci?sereSearBean.insiId=INS000001650&sereSearBean.sereId=000854
A_admin_policy_general,정보법학 (Journal of Korea Infomation Law),KCI 등재,한국정보법학회,법학,연3회,2.45,발행논문 : 연간 19건,총 논문 : 378건,국정,https://www.kci.go.kr/kciportal/ci/seriesSearch/ciSereInfoView.kci?sereSearBean.insiId=INS000000551&sereSearBean.sereId=002147
A_admin_policy_general,정보사회와 미디어 (Information Society & Media),KCI 등재,한국정보사회학회,정보/과학기술사회학,연3회,1.76,발행논문 : 연간 15건,총 논문 : 249건,국정,https://www.kci.go.kr/kciportal/ci/seriesSearch/ciSereInfoView.kci?sereSearBean.insiId=INS000000553&sereSearBean.sereId=SER000008957
A_admin_policy_general,정보와 사회 (Korea Journal of Information Society),KCI 등재,한국정보사회학회,정보/과학기술사회학,연3회,1.76,발행논문 : 연간 15건,총 논문 : 249건,국정,https://www.kci.go.kr/kciportal/ci/seriesSearch/ciSereInfoView.kci?sereSearBean.insiId=INS000000553&sereSearBean.sereId=SER000008957
A_admin_policy_general,정부학연구,KCI 등재,고려대학교 정부학연구소,행정학,연3회,1.06,발행논문 : 연간 24건,총 논문 : 593건,행정;정부,https://www.kci.go.kr/kciportal/ci/seriesSearch/ciSereInfoView.kci?sereSearBean.insiId=INS000004031&sereSearBean.sereId=000703
A_admin_policy_general,정부학연구 (Journal of Governmental Studies(JGS)),KCI 등재,고려대학교 정부학연구소,행정학,연3회,1.06,발행논문 : 연간 24건,총 논문 : 593건,행정;정부,https://www.kci.go.kr/kciportal/ci/seriesSearch/ciSereInfoView.kci?sereSearBean.insiId=INS000004031&sereSearBean.sereId=000703
A_admin_policy_general,정부행정 (Journal of Government Administration),KCI 등재,명지대학교(서울캠퍼스) 정부혁신연구소,행정학일반,연2회,0.47,발행논문 : 연간 7건,총 논문 : 146건,행정;정부,https://www.kci.go.kr/kciportal/ci/seriesSearch/ciSereInfoView.kci?sereSearBean.insiId=INS000011798&sereSearBean.sereId=SER000004789
A_admin_policy_general,정서·행동장애연구 (JOURNAL OF EMOTIONAL & BEHAVIORAL DISORDERS),KCI 등재,한국정서행동장애학회,특수교육,연4회,2.09,발행논문 : 연간 62건,"총 논문 : 1,539건",국정,https://www.kci.go.kr/kciportal/ci/seriesSearch/ciSereInfoView.kci?sereSearBean.insiId=INS000000830&sereSearBean.sereId=000501
A_admin_policy_general,정책개발연구 (Journal of Policy Development),KCI 등재,한국정책개발학회,기타정책학,연2회,0.97,발행논문 : 연간 15건,총 논문 : 234건,정책;국정,https://www.kci.go.kr/kciportal/ci/seriesSearch/ciSereInfoView.kci?sereSearBean.insiId=INS000008154&sereSearBean.sereId=SER000002203
A_admin_policy_general,정책과학연구 (Journal of Policy Sciences),,단국대학교 정책과학연구소,정책학일반,연1회,0,발행논문 : 연간 0건,총 논문 : 0건,정책,https://www.kci.go.kr/kciportal/ci/seriesSearch/ciSereInfoView.kci?sereSearBean.insiId=INS000004389&sereSearBean.sereId=SER000002716
A_admin_policy_general,정책논총 (The Korean Journal of Policy Studies),KCI 등재,서울대학교행정대학원,정책학,연4회,0.29,발행논문 : 연간 17건,총 논문 : 363건,행정;정책,https://www.kci.go.kr/kciportal/ci/seriesSearch/ciSereInfoView.kci?sereSearBean.insiId=INS000002138&sereSearBean.sereId=001564
A_admin_policy_general,정책분석평가학회보 (Korean Journal of Policy Analysis and Evaluation),KCI 등재,한국정책분석평가학회,정책학,연4회,1.52,발행논문 : 연간 35건,총 논문 : 871건,정책;국정,https://www.kci.go.kr/kciportal/ci/seriesSearch/ciSereInfoView.kci?sereSearBean.insiId=INS000000831&sereSearBean.sereId=000172
A_admin_policy_general,중소기업정책연구 (Journal of SME Policy),KCI 등재,중소벤처기업연구원,중소기업경영,연3회,0.54,발행논문 : 연간 13건,총 논문 : 140건,정책,https://www.kci.go.kr/kciportal/ci/seriesSearch/ciSereInfoView.kci?sereSearBean.insiId=INS000051238&sereSearBean.sereId=SER000005917
A_admin_policy_general,지역개발전략연구,,남서울대학교 상경연구소,경제학,연2회,0,발행논문 : 연간 8건,총 논문 : 23건,전략,https://www.kci.go.kr/kciportal/ci/seriesSearch/ciSereInfoView.kci?sereSearBean.insiId=INS000006796&sereSearBean.sereId=SER000001404
A_admin_policy_general,지역정책 (THE KOREAN JOURNAL OF REGIONAL POLICY),,한국지역정책학회,지역경제/정책,연2회,0,발행논문 : 연간 0건,총 논문 : 0건,정책,https://www.kci.go.kr/kciportal/ci/seriesSearch/ciSereInfoView.kci?sereSearBean.insiId=INS000011347&sereSearBean.sereId=SER000004895
A_admin_policy_general,"청대학술논집 제29집, 제30집(2017년도)",,청주대학교 학술연구소,학술/교육정책,연2회,0,발행논문 : 연간 0건,총 논문 : 0건,정책,https://www.kci.go.kr/kciportal/ci/seriesSearch/ciSereInfoView.kci?sereSearBean.insiId=INS000004001&sereSearBean.sereId=SER000005271
A_admin_policy_general,"청대학술논집 제31집, 제32집(2018년도)",,청주대학교 학술연구소,학술/교육정책,연2회,0,발행논문 : 연간 0건,총 논문 : 0건,정책,https://www.kci.go.kr/kciportal/ci/seriesSearch/ciSereInfoView.kci?sereSearBean.insiId=INS000004001&sereSearBean.sereId=SER000005509
A_admin_policy_general,피해자학연구 (Korean Journal of Victimology),KCI 등재,한국피해자학회,형사정책,연3회,1.5,발행논문 : 연간 23건,총 논문 : 584건,정책,https://www.kci.go.kr/kciportal/ci/seriesSearch/ciSereInfoView.kci?sereSearBean.insiId=INS000000852&sereSearBean.sereId=001605
A_admin_policy_general,한국거버넌스학회보 (The Korean Governance Review),KCI 등재,한국거버넌스학회,행정학,연3회,1.14,발행논문 : 연간 30건,총 논문 : 627건,행정;거버넌스,https://www.kci.go.kr/kciportal/ci/seriesSearch/ciSereInfoView.kci?sereSearBean.insiId=INS000002035&sereSearBean.sereId=001707
A_admin_policy_general,한국국정연구 (Journal of Government and Governance),,한국외국어대학교 국정관리연구소,행정학,연2회,0,발행논문 : 연간 0건,총 논문 : 0건,행정;국정,https://www.kci.go.kr/kciportal/ci/seriesSearch/ciSereInfoView.kci?sereSearBean.insiId=INS000005060&sereSearBean.sereId=SER000001261
A_admin_policy_general,한국비교정부학보 (Korean Comparative Government Review),KCI 등재,한국비교정부학회,행정학,연4회,2.11,발행논문 : 연간 42건,총 논문 : 918건,행정;정부,https://www.kci.go.kr/kciportal/ci/seriesSearch/ciSereInfoView.kci?sereSearBean.insiId=INS000001646&sereSearBean.sereId=001721
A_admin_policy_general,한국사회복지행정학 (Journal of Korean Social Welfare Administration),KCI 등재,한국사회복지행정학회,사회복지학,연4회,2.32,발행논문 : 연간 26건,총 논문 : 660건,행정,https://www.kci.go.kr/kciportal/ci/seriesSearch/ciSereInfoView.kci?sereSearBean.insiId=INS000002004&sereSearBean.sereId=000981
A_admin_policy_general,한국사회와 행정연구 (Korean Society and Public Administration),KCI 등재,서울행정학회,행정학,연4회,2.38,발행논문 : 연간 46건,"총 논문 : 1,054건",행정;사회와 행정,https://www.kci.go.kr/kciportal/ci/seriesSearch/ciSereInfoView.kci?sereSearBean.insiId=INS000000707&sereSearBean.sereId=000388
A_admin_policy_general,한국이민행정학회보 (Journal of The Korean Association for Immigration Administration),KCI 후보,한국이민행정학회,난민/이민,연2회,0,발행논문 : 연간 10건,총 논문 : 31건,행정,https://www.kci.go.kr/kciportal/ci/seriesSearch/ciSereInfoView.kci?sereSearBean.insiId=INS000072912&sereSearBean.sereId=SER000006209
A_admin_policy_general,한국정책과학학회보 (korean policy sciences review),KCI 등재,한국정책과학학회,정책학,연4회,1.58,발행논문 : 연간 34건,총 논문 : 844건,정책;국정,https://www.kci.go.kr/kciportal/ci/seriesSearch/ciSereInfoView.kci?sereSearBean.insiId=INS000001643&sereSearBean.sereId=000863
A_admin_policy_general,한국정책연구 (The Journal of Korean Policy Studies),KCI 등재,경인행정학회,기타행정학,연4회,1.93,발행논문 : 연간 37건,총 논문 : 695건,행정;정책;국정,https://www.kci.go.kr/kciportal/ci/seriesSearch/ciSereInfoView.kci?sereSearBean.insiId=INS000000061&sereSearBean.sereId=SER000008612
A_admin_policy_general,한국정책학회보 (The Korea Association for Policy Studies),,한국정책학회,정책학,연4회,1.42,발행논문 : 연간 49건,"총 논문 : 1,227건",정책;국정,https://www.kci.go.kr/kciportal/ci/seriesSearch/ciSereInfoView.kci?sereSearBean.insiId=INS000000832&sereSearBean.sereId=000110
A_admin_policy_general,한국청소년연구 (Studies on Korean Youth),KCI 등재,한국청소년정책연구원,기타사회과학,연4회,4.25,발행논문 : 연간 32건,총 논문 : 801건,정책,https://www.kci.go.kr/kciportal/ci/seriesSearch/ciSereInfoView.kci?sereSearBean.insiId=INS000002616&sereSearBean.sereId=001385
A_admin_policy_general,한국항공우주법학회지 (Korean journal of air and space law),KCI 등재,한국항공우주정책⋅법학회,기타법학,연4회,0.43,발행논문 : 연간 18건,총 논문 : 405건,정책,https://www.kci.go.kr/kciportal/ci/seriesSearch/ciSereInfoView.kci?sereSearBean.insiId=INS000001241&sereSearBean.sereId=001781
A_admin_policy_general,한국항공우주정책？법학회지 (The Korean Journal of Air & Space Law and Policy),KCI 등재,한국항공우주정책⋅법학회,기타법학,연4회,0.43,발행논문 : 연간 18건,총 논문 : 405건,정책,https://www.kci.go.kr/kciportal/ci/seriesSearch/ciSereInfoView.kci?sereSearBean.insiId=INS000001241&sereSearBean.sereId=001781
A_admin_policy_general,한국행정논집 (Korean Public Administration Quarterly),KCI 등재,한국정부학회,행정학,연4회,2.48,발행논문 : 연간 39건,총 논문 : 970건,행정;정부;국정,https://www.kci.go.kr/kciportal/ci/seriesSearch/ciSereInfoView.kci?sereSearBean.insiId=INS000000713&sereSearBean.sereId=000253
A_admin_policy_general,한국행정사학지,KCI 등재,한국행정사학회,행정사,연3회,0.73,발행논문 : 연간 18건,총 논문 : 377건,행정,https://www.kci.go.kr/kciportal/ci/seriesSearch/ciSereInfoView.kci?sereSearBean.insiId=INS000000855&sereSearBean.sereId=002109
A_admin_policy_general,한국행정사학회,KCI 등재,한국행정사학회,행정사,연3회,0.73,발행논문 : 연간 18건,총 논문 : 377건,행정,https://www.kci.go.kr/kciportal/ci/seriesSearch/ciSereInfoView.kci?sereSearBean.insiId=INS000000855&sereSearBean.sereId=002109
A_admin_policy_general,한국행정연구,KCI 등재,한국행정연구원,행정학,연4회,2.27,발행논문 : 연간 30건,총 논문 : 746건,행정,https://www.kci.go.kr/kciportal/ci/seriesSearch/ciSereInfoView.kci?sereSearBean.insiId=INS000002615&sereSearBean.sereId=000428
A_admin_policy_general,한국행정학보 (Korean Public Administration Review),,한국행정학회,행정학,연4회,2.61,발행논문 : 연간 54건,"총 논문 : 1,410건",행정,https://www.kci.go.kr/kciportal/ci/seriesSearch/ciSereInfoView.kci?sereSearBean.insiId=INS000000856&sereSearBean.sereId=000298
A_admin_policy_general,항공우주정책 ·법학회지 (The Korean Journal of Air & Space Law and Policy),KCI 등재,한국항공우주정책⋅법학회,기타법학,연4회,0.43,발행논문 : 연간 18건,총 논문 : 405건,정책,https://www.kci.go.kr/kciportal/ci/seriesSearch/ciSereInfoView.kci?sereSearBean.insiId=INS000001241&sereSearBean.sereId=001781
A_admin_policy_general,행정논총,KCI 등재,서울대학교 한국행정연구소,행정학,연4회,1.37,발행논문 : 연간 38건,총 논문 : 951건,행정,https://www.kci.go.kr/kciportal/ci/seriesSearch/ciSereInfoView.kci?sereSearBean.insiId=INS000003043&sereSearBean.sereId=000826
A_admin_policy_general,행정문제연구 (Kyung Hee Public Affairs Journal),,경희대학교 사회과학연구원,행정학,연2회,0,발행논문 : 연간 0건,총 논문 : 0건,행정,https://www.kci.go.kr/kciportal/ci/seriesSearch/ciSereInfoView.kci?sereSearBean.insiId=INS000003924&sereSearBean.sereId=SER000000604
A_admin_policy_general,행정법연구 (Administrative Law Journal),KCI 등재,행정법이론실무학회,법학,연3회,1.87,발행논문 : 연간 31건,총 논문 : 768건,행정,https://www.kci.go.kr/kciportal/ci/seriesSearch/ciSereInfoView.kci?sereSearBean.insiId=INS000000661&sereSearBean.sereId=001312
A_admin_policy_general,행정법학 (Korean Journal of Administrative Law),KCI 등재,한국행정법학회,행정법,연2회,1.3,발행논문 : 연간 17건,총 논문 : 101건,행정,https://www.kci.go.kr/kciportal/ci/seriesSearch/ciSereInfoView.kci?sereSearBean.insiId=INS000011615&sereSearBean.sereId=SER000005834
A_admin_policy_general,행정언어와 질적연구 (Language of Public Administration and Qualitative Research),,행정언어와질적연구학회,행정학,연2회,0,발행논문 : 연간 0건,총 논문 : 0건,행정,https://www.kci.go.kr/kciportal/ci/seriesSearch/ciSereInfoView.kci?sereSearBean.insiId=INS000008968&sereSearBean.sereId=SER000002753
A_admin_policy_general,행정판례연구 (Studies on Public Administration Cases),KCI 등재,한국행정판례연구회,행정법,연2회,0.7,발행논문 : 연간 20건,총 논문 : 437건,행정,https://www.kci.go.kr/kciportal/ci/seriesSearch/ciSereInfoView.kci?sereSearBean.insiId=INS000000637&sereSearBean.sereId=001580
A_admin_policy_general,현대사회와 행정 (Modern Society and Public Administration),KCI 등재,한국국정관리학회,사회과학일반,연4회,1.69,발행논문 : 연간 27건,총 논문 : 531건,행정;국정;사회와 행정,https://www.kci.go.kr/kciportal/ci/seriesSearch/ciSereInfoView.kci?sereSearBean.insiId=INS000000316&sereSearBean.sereId=001878
A_admin_policy_general,형사정책 (Korean Journal Of Criminology),KCI 등재,한국형사정책학회,형사정책,연4회,1.53,발행논문 : 연간 29건,총 논문 : 714건,정책,https://www.kci.go.kr/kciportal/ci/seriesSearch/ciSereInfoView.kci?sereSearBean.insiId=INS000000859&sereSearBean.sereId=001311
A_admin_policy_general,형사정책연구 (Korean Criminological Review),KCI 등재,한국형사법무정책연구원,법학,연4회,2.06,발행논문 : 연간 38건,총 논문 : 959건,정책,https://www.kci.go.kr/kciportal/ci/seriesSearch/ciSereInfoView.kci?sereSearBean.insiId=INS000002577&sereSearBean.sereId=000901
A_admin_policy_general,형사판례연구 (Korean Journal of Criminal Case Studies),KCI 등재,한국형사판례연구회,형사정책,연1회,1.63,발행논문 : 연간 17건,총 논문 : 288건,정책,https://www.kci.go.kr/kciportal/ci/seriesSearch/ciSereInfoView.kci?sereSearBean.insiId=INS000002336&sereSearBean.sereId=SER000010500
A_admin_policy_general,환경법과 정책 (Environmental Law and Policy),KCI 등재,강원대학교 비교법학연구소,법학,연3회,1.14,발행논문 : 연간 14건,총 논문 : 261건,정책;법과 정책,https://www.kci.go.kr/kciportal/ci/seriesSearch/ciSereInfoView.kci?sereSearBean.insiId=INS000002657&sereSearBean.sereId=SER000001109
A_admin_policy_general,회계연구 (Korean Academic Society of Accounting),KCI 등재,한국회계정책학회,회계학,연4회,0.68,발행논문 : 연간 40건,총 논문 : 843건,정책,https://www.kci.go.kr/kciportal/ci/seriesSearch/ciSereInfoView.kci?sereSearBean.insiId=INS000002027&sereSearBean.sereId=001804
A_admin_policy_general,회계와 정책연구 (Review of Accounting and Policy Studies),KCI 등재,한국회계정책학회,회계학,연4회,0.68,발행논문 : 연간 40건,총 논문 : 843건,정책,https://www.kci.go.kr/kciportal/ci/seriesSearch/ciSereInfoView.kci?sereSearBean.insiId=INS000002027&sereSearBean.sereId=001804
A_admin_policy_general,휴먼웨어연구 (Journal of Humanware),KCI 등재,고려대학교 HRD정책연구소,인적자원개발,연3회,1.48,발행논문 : 연간 11건,총 논문 : 66건,정책,https://www.kci.go.kr/kciportal/ci/seriesSearch/ciSereInfoView.kci?sereSearBean.insiId=INS000063699&sereSearBean.sereId=SER000005319
B_public_management,Journal of Public Value(공공가치연구) (Journal of Public Value),,국제공공가치학회,사회과학일반,연3회,0,발행논문 : 연간 0건,총 논문 : 0건,공공,https://www.kci.go.kr/kciportal/ci/seriesSearch/ciSereInfoView.kci?sereSearBean.insiId=INS000071010&sereSearBean.sereId=SER000006490
B_public_management,감사논집,KCI 등재,감사연구원,행정학일반,연2회,0.4,발행논문 : 연간 15건,총 논문 : 146건,행정,https://www.kci.go.kr/kciportal/ci/seriesSearch/ciSereInfoView.kci?sereSearBean.insiId=INS000042346&sereSearBean.sereId=SER000004846
B_public_management,공공 인적자원과 정책 (Public HRD & Policy),,국가공무원인재개발원,교육학,연2회,0,발행논문 : 연간 0건,총 논문 : 0건,정책;공공,https://www.kci.go.kr/kciportal/ci/seriesSearch/ciSereInfoView.kci?sereSearBean.insiId=INS000008160&sereSearBean.sereId=SER000001810
B_public_management,공공인재개발학회보 (Journal of Public Human Resource Development),,성균관대학교 공공인재개발연구센터,인사행정,격년간,0,발행논문 : 연간 0건,총 논문 : 0건,행정;공공,https://www.kci.go.kr/kciportal/ci/seriesSearch/ciSereInfoView.kci?sereSearBean.insiId=INS000058193&sereSearBean.sereId=SER000005305
B_public_management,한국공공관리학보 (Korean Public Management Review),KCI 등재,한국공공관리학회,사회과학일반,연4회,2.14,발행논문 : 연간 37건,총 논문 : 809건,공공,https://www.kci.go.kr/kciportal/ci/seriesSearch/ciSereInfoView.kci?sereSearBean.insiId=INS000000259&sereSearBean.sereId=001744
B_public_management,한국공공윤리연구논총 (The Korean Journal of Public Service Ethics),,한국공공윤리학회,행정학,연2회,0,발행논문 : 연간 0건,총 논문 : 0건,행정;공공,https://www.kci.go.kr/kciportal/ci/seriesSearch/ciSereInfoView.kci?sereSearBean.insiId=INS000009342&sereSearBean.sereId=SER000003084
B_public_management,한국부패학회보 (Korean Corruption Studies Review),KCI 등재,한국부패학회,행정학,연4회,0.68,발행논문 : 연간 30건,총 논문 : 753건,행정,https://www.kci.go.kr/kciportal/ci/seriesSearch/ciSereInfoView.kci?sereSearBean.insiId=INS000000888&sereSearBean.sereId=000639
B_public_management,한국인사행정학회보 (Korean Public Personnel Administration Review),KCI 등재,한국인사행정학회,행정학,연4회,2.94,발행논문 : 연간 30건,총 논문 : 686건,행정,https://www.kci.go.kr/kciportal/ci/seriesSearch/ciSereInfoView.kci?sereSearBean.insiId=INS000000522&sereSearBean.sereId=002098
B_public_management,한국조직학회보 (Korean Review of Organizational Studies),KCI 등재,한국조직학회,행정조직/관리,연3회,2.43,발행논문 : 연간 16건,총 논문 : 370건,행정,https://www.kci.go.kr/kciportal/ci/seriesSearch/ciSereInfoView.kci?sereSearBean.insiId=INS000002380&sereSearBean.sereId=002136
C_local_fiscal,Journal of Mountains and Humanities,,국립순천대학교 지리산권문화연구원,산악지방,연2회,0,발행논문 : 연간 0건,총 논문 : 0건,지방,https://www.kci.go.kr/kciportal/ci/seriesSearch/ciSereInfoView.kci?sereSearBean.insiId=INS000003107&sereSearBean.sereId=SER000004453
C_local_fiscal,공공경제,,한국재정학회,경제학,연2회,0,발행논문 : 연간 16건,총 논문 : 95건,공공,https://www.kci.go.kr/kciportal/ci/seriesSearch/ciSereInfoView.kci?sereSearBean.insiId=INS000000540&sereSearBean.sereId=000484
C_local_fiscal,공공기관과 정책연구 (Public Institutions and Policy Review),KCI 후보,한국조세재정연구원,정책학,연3회,0,발행논문 : 연간 15건,총 논문 : 58건,정책;공공,https://www.kci.go.kr/kciportal/ci/seriesSearch/ciSereInfoView.kci?sereSearBean.insiId=INS000052783&sereSearBean.sereId=SER000006428
C_local_fiscal,공공정책연구(구 법정리뷰) (Journal of Public Policy Studies),KCI 등재,동의대학교 지방자치연구소,사회과학일반,연3회,1.03,발행논문 : 연간 35건,총 논문 : 315건,정책;자치;지방;공공,https://www.kci.go.kr/kciportal/ci/seriesSearch/ciSereInfoView.kci?sereSearBean.insiId=INS000004133&sereSearBean.sereId=SER000004651
C_local_fiscal,도시부동산정책연구 (Policy Review for Urban Planning and Real Estate),,중앙대학교 도시부동산연구소,도시개발/계획,연1회,0,발행논문 : 연간 0건,총 논문 : 0건,정책,https://www.kci.go.kr/kciportal/ci/seriesSearch/ciSereInfoView.kci?sereSearBean.insiId=INS000010733&sereSearBean.sereId=SER000004057
C_local_fiscal,도시정책연구 (Journal of Urban Policies),KCI 등재,한국도시부동산학회,도시개발/계획,연4회,0.52,발행논문 : 연간 24건,총 논문 : 242건,정책,https://www.kci.go.kr/kciportal/ci/seriesSearch/ciSereInfoView.kci?sereSearBean.insiId=INS000010738&sereSearBean.sereId=SER000004224
C_local_fiscal,도시행정학보 (Journal of The Korean Urban Management Association),KCI 등재,한국도시행정학회,행정학,연4회,1.73,발행논문 : 연간 33건,총 논문 : 758건,행정,https://www.kci.go.kr/kciportal/ci/seriesSearch/ciSereInfoView.kci?sereSearBean.insiId=INS000000769&sereSearBean.sereId=001469
C_local_fiscal,법정리뷰(구 동의법정) (Law and Political Science Review),,동의대학교 지방자치연구소,사회과학일반,연2회,0,발행논문 : 연간 0건,총 논문 : 0건,자치;지방,https://www.kci.go.kr/kciportal/ci/seriesSearch/ciSereInfoView.kci?sereSearBean.insiId=INS000004133&sereSearBean.sereId=SER000004652
C_local_fiscal,변호사 (Seoul Bar Association Law Journal),KCI 후보,서울지방변호사회,법학,연1회,0,발행논문 : 연간 7건,총 논문 : 22건,지방,https://www.kci.go.kr/kciportal/ci/seriesSearch/ciSereInfoView.kci?sereSearBean.insiId=INS000002242&sereSearBean.sereId=SER000010445
C_local_fiscal,북한도시 브리프,,숭실대학교 숭실평화통일연구원,북한사회및통일연구,연6회,0,발행논문 : 연간 0건,총 논문 : 0건,북한;통일,https://www.kci.go.kr/kciportal/ci/seriesSearch/ciSereInfoView.kci?sereSearBean.insiId=INS000062540&sereSearBean.sereId=SER000006506
C_local_fiscal,비교민주주의연구 (Comparative Democratic Studies),KCI 등재,인제대학교 민주주의와 자치 연구소,정치권력/정치과정,연2회,0.45,발행논문 : 연간 11건,총 논문 : 173건,자치,https://www.kci.go.kr/kciportal/ci/seriesSearch/ciSereInfoView.kci?sereSearBean.insiId=INS000062737&sereSearBean.sereId=SER000010553
C_local_fiscal,서영대학교 지역발전연구소,,서영대학교 지역발전연구소,지방재정경제/지방재정,연1회,0,발행논문 : 연간 0건,총 논문 : 0건,지방,https://www.kci.go.kr/kciportal/ci/seriesSearch/ciSereInfoView.kci?sereSearBean.insiId=INS000005516&sereSearBean.sereId=SER000003399
C_local_fiscal,예산정책연구 (Journal of Budget and Policy),KCI 등재,국회예산정책처,경제정책,연4회,0.46,발행논문 : 연간 16건,총 논문 : 235건,정책,https://www.kci.go.kr/kciportal/ci/seriesSearch/ciSereInfoView.kci?sereSearBean.insiId=INS000041883&sereSearBean.sereId=SER000004172
C_local_fiscal,자치행정연구 (Local Administration Reivew),,한양대학교 지방자치연구소,지방정치/지방자치,연2회,0,발행논문 : 연간 0건,총 논문 : 0건,행정;자치;지방,https://www.kci.go.kr/kciportal/ci/seriesSearch/ciSereInfoView.kci?sereSearBean.insiId=INS000005119&sereSearBean.sereId=SER000005936
C_local_fiscal,재정정책논집,KCI 등재,한국재정정책학회,경제학,연4회,0.35,발행논문 : 연간 20건,총 논문 : 426건,정책,https://www.kci.go.kr/kciportal/ci/seriesSearch/ciSereInfoView.kci?sereSearBean.insiId=INS000001612&sereSearBean.sereId=002107
C_local_fiscal,정부회계연구 (Korean Governmental Accounting Review),KCI 등재,(사)한국정부회계학회,재무행정,연3회,0.61,발행논문 : 연간 13건,총 논문 : 145건,행정;정부;국정,https://www.kci.go.kr/kciportal/ci/seriesSearch/ciSereInfoView.kci?sereSearBean.insiId=INS000000554&sereSearBean.sereId=SER000008958
C_local_fiscal,지방교육경영 (The Journal of Local Education Management),KCI 등재,한국지방교육경영학회,교육학일반,연4회,0.98,발행논문 : 연간 23건,총 논문 : 138건,지방,https://www.kci.go.kr/kciportal/ci/seriesSearch/ciSereInfoView.kci?sereSearBean.insiId=INS000001614&sereSearBean.sereId=SER000009851
C_local_fiscal,지방세논집 (Local Tax Review),KCI 등재,한국지방세학회,조세/세법,연3회,2.13,발행논문 : 연간 13건,총 논문 : 130건,지방,https://www.kci.go.kr/kciportal/ci/seriesSearch/ciSereInfoView.kci?sereSearBean.insiId=INS000061289&sereSearBean.sereId=SER000004916
C_local_fiscal,지방자치법연구 (Local Government Law Journal),KCI 등재,한국지방자치법학회,법학,연4회,2.08,발행논문 : 연간 36건,총 논문 : 792건,자치;지방,https://www.kci.go.kr/kciportal/ci/seriesSearch/ciSereInfoView.kci?sereSearBean.insiId=INS000000572&sereSearBean.sereId=001664
C_local_fiscal,지방자치연구,,전북대학교 지방자치연구소,사회과학일반,연1회,0,발행논문 : 연간 0건,총 논문 : 0건,자치;지방,https://www.kci.go.kr/kciportal/ci/seriesSearch/ciSereInfoView.kci?sereSearBean.insiId=INS000003224&sereSearBean.sereId=SER000003646
C_local_fiscal,지방자치정보 (Journal for Local Autonomy & Governance),,한양대학교 지방자치연구소,행정학,연2회,0,발행논문 : 연간 0건,총 논문 : 0건,행정;자치;지방,https://www.kci.go.kr/kciportal/ci/seriesSearch/ciSereInfoView.kci?sereSearBean.insiId=INS000005119&sereSearBean.sereId=SER000014804
C_local_fiscal,지방정부연구 (The Korean Journal of Local Government Studies),KCI 등재,한국지방정부학회,행정학,연4회,2.29,발행논문 : 연간 62건,"총 논문 : 1,539건",행정;정부;지방,https://www.kci.go.kr/kciportal/ci/seriesSearch/ciSereInfoView.kci?sereSearBean.insiId=INS000001736&sereSearBean.sereId=000508
C_local_fiscal,지방행정연구 (The Korea Local Administration Review),KCI 등재,(재) 한국지방행정연구원,행정학,연4회,1.9,발행논문 : 연간 39건,총 논문 : 965건,행정;지방,https://www.kci.go.kr/kciportal/ci/seriesSearch/ciSereInfoView.kci?sereSearBean.insiId=INS000002566&sereSearBean.sereId=001627
C_local_fiscal,지역과 정치 (Local Society & Politics),KCI 등재,국립부경대학교 지방분권발전연구소,지역정치,연2회,0.28,발행논문 : 연간 12건,총 논문 : 69건,지방,https://www.kci.go.kr/kciportal/ci/seriesSearch/ciSereInfoView.kci?sereSearBean.insiId=INS000006889&sereSearBean.sereId=SER000005779
C_local_fiscal,지역과인구 (Regional and Population Studies),,전북대학교 지방자치연구소,도시/지방행정,연2회,0,발행논문 : 연간 0건,총 논문 : 0건,행정;자치;지방,https://www.kci.go.kr/kciportal/ci/seriesSearch/ciSereInfoView.kci?sereSearBean.insiId=INS000003224&sereSearBean.sereId=SER000006835
C_local_fiscal,한국도시행정학보 (Journal of The Korean Management Association),KCI 등재,한국도시행정학회,행정학,연4회,1.73,발행논문 : 연간 33건,총 논문 : 758건,행정,https://www.kci.go.kr/kciportal/ci/seriesSearch/ciSereInfoView.kci?sereSearBean.insiId=INS000000769&sereSearBean.sereId=001469
C_local_fiscal,한국자치행정학보 (Korean Journal of Local Government & Administration Studies),KCI 등재,한국자치행정학회,도시/지방행정,연4회,1.49,발행논문 : 연간 57건,"총 논문 : 1,075건",행정;자치;지방,https://www.kci.go.kr/kciportal/ci/seriesSearch/ciSereInfoView.kci?sereSearBean.insiId=INS000002071&sereSearBean.sereId=002097
C_local_fiscal,한국지방공기업학회보 (The Korean Journal of Local Public Enterprises),KCI 등재,한국지방공기업학회,사회과학일반,연2회,0.44,발행논문 : 연간 8건,총 논문 : 82건,지방,https://www.kci.go.kr/kciportal/ci/seriesSearch/ciSereInfoView.kci?sereSearBean.insiId=INS000002460&sereSearBean.sereId=SER000002789
C_local_fiscal,한국지방자치연구 (KOREAN LOCAL GOVERNMENT REVIEW),KCI 등재,대한지방자치학회,기타행정학,연4회,0.8,발행논문 : 연간 32건,총 논문 : 641건,행정;자치;지방,https://www.kci.go.kr/kciportal/ci/seriesSearch/ciSereInfoView.kci?sereSearBean.insiId=INS000000100&sereSearBean.sereId=001865
C_local_fiscal,한국지방자치학회보 (Journal of Local Government Studies),KCI 등재,한국지방자치학회,정치외교학,연4회,2.29,발행논문 : 연간 33건,총 논문 : 821건,자치;지방,https://www.kci.go.kr/kciportal/ci/seriesSearch/ciSereInfoView.kci?sereSearBean.insiId=INS000000838&sereSearBean.sereId=000335
C_local_fiscal,한국지방재정논집 (The Korea Journal of Local Finance),KCI 등재,한국지방재정학회,경제학,연3회,1.33,발행논문 : 연간 16건,총 논문 : 391건,지방,https://www.kci.go.kr/kciportal/ci/seriesSearch/ciSereInfoView.kci?sereSearBean.insiId=INS000000925&sereSearBean.sereId=000857
C_local_fiscal,한국지방정치학회보 (The Korean Regional Politics Review),KCI 후보,한국지방정치학회,지방정치/지방자치,연2회,1.72,발행논문 : 연간 8건,총 논문 : 93건,자치;지방,https://www.kci.go.kr/kciportal/ci/seriesSearch/ciSereInfoView.kci?sereSearBean.insiId=INS000002515&sereSearBean.sereId=SER000010574
C_local_fiscal,한국지방행정학보 (KOREAN LOCAL ADMINISTRATION REVIEW),KCI 등재,한국지방행정학회,행정학,연3회,1.54,발행논문 : 연간 24건,총 논문 : 381건,행정;지방,https://www.kci.go.kr/kciportal/ci/seriesSearch/ciSereInfoView.kci?sereSearBean.insiId=INS000000573&sereSearBean.sereId=SER000008971
D_defense_security,IFANS Review,,외교통상부 외교안보연구원,정치외교학,연2회,0,발행논문 : 연간 0건,총 논문 : 0건,안보,https://www.kci.go.kr/kciportal/ci/seriesSearch/ciSereInfoView.kci?sereSearBean.insiId=INS000007725&sereSearBean.sereId=SER000001501
D_defense_security,International Journal of Korean Unification Studies (International Journal of Korean Unification Studies),KCI 등재,통일연구원,외교/안보/통일,연2회,0.2,발행논문 : 연간 11건,총 논문 : 377건,안보;통일,https://www.kci.go.kr/kciportal/ci/seriesSearch/ciSereInfoView.kci?sereSearBean.insiId=INS000002612&sereSearBean.sereId=001877
D_defense_security,International Journal of Military Affairs,KCI 후보,동북아학술저널연합,안보이론,연1회,0,발행논문 : 연간 9건,총 논문 : 89건,안보,https://www.kci.go.kr/kciportal/ci/seriesSearch/ciSereInfoView.kci?sereSearBean.insiId=INS000059637&sereSearBean.sereId=SER000005551
D_defense_security,International Journal of Terrorism & National Security,KCI 후보,동북아학술저널연합,외교/안보/통일,연1회,0,발행논문 : 연간 9건,총 논문 : 86건,안보;통일,https://www.kci.go.kr/kciportal/ci/seriesSearch/ciSereInfoView.kci?sereSearBean.insiId=INS000059637&sereSearBean.sereId=SER000005545
D_defense_security,JOSS(Journal of Space Security) (JOSS(Journal of Space Security)),,한국우주안보학회,국방/안보정책,연2회,0,발행논문 : 연간 0건,총 논문 : 0건,정책;국방;안보,https://www.kci.go.kr/kciportal/ci/seriesSearch/ciSereInfoView.kci?sereSearBean.insiId=INS000081503&sereSearBean.sereId=SER000006865
D_defense_security,The Korea Journal of Defense Analysis,KCI 등재,한국국방연구원,외교/안보/통일,연4회,0.23,발행논문 : 연간 28건,총 논문 : 700건,국방;안보;통일,https://www.kci.go.kr/kciportal/ci/seriesSearch/ciSereInfoView.kci?sereSearBean.insiId=INS000002627&sereSearBean.sereId=001109
D_defense_security,The Korean Journal of Defense Analysis (The Korean Journal of Defense Analysis),KCI 등재,한국국방연구원,외교/안보/통일,연4회,0.23,발행논문 : 연간 28건,총 논문 : 700건,국방;안보;통일,https://www.kci.go.kr/kciportal/ci/seriesSearch/ciSereInfoView.kci?sereSearBean.insiId=INS000002627&sereSearBean.sereId=001109
D_defense_security,The Korean Journal of Security Affairs (The Korean Journal of Security Affairs),KCI 등재,국방대학교 국가안전보장문제연구소,외교/안보/통일,연2회,0,발행논문 : 연간 11건,총 논문 : 246건,국방;안보;안전;통일,https://www.kci.go.kr/kciportal/ci/seriesSearch/ciSereInfoView.kci?sereSearBean.insiId=INS000005754&sereSearBean.sereId=002062
D_defense_security,Trade&Security,,무역안보관리원,무역학일반,연2회,0,발행논문 : 연간 0건,총 논문 : 0건,안보,https://www.kci.go.kr/kciportal/ci/seriesSearch/ciSereInfoView.kci?sereSearBean.insiId=INS000056910&sereSearBean.sereId=SER000006434
D_defense_security,軍事學 硏究(Military Science) (The Jounal of Military Science),,서경대학교 군사학연구소,군사학,연2회,0,발행논문 : 연간 0건,총 논문 : 0건,군사;군,https://www.kci.go.kr/kciportal/ci/seriesSearch/ciSereInfoView.kci?sereSearBean.insiId=INS000006845&sereSearBean.sereId=SER000005952
D_defense_security,공존협력연구 (Jurnal of Coexistence and Collaboration),,한국방송통신대학교 산학협력단 공존협력연구소,,연2회,0,발행논문 : 연간 0건,총 논문 : 0건,국방,https://www.kci.go.kr/kciportal/ci/seriesSearch/ciSereInfoView.kci?sereSearBean.insiId=INS000011409&sereSearBean.sereId=SER000003860
D_defense_security,국가안보와 전략 (National Security and Strategy),KCI 등재,국가안보전략연구원,정치외교학,연4회,1.44,발행논문 : 연간 22건,총 논문 : 413건,안보;전략,https://www.kci.go.kr/kciportal/ci/seriesSearch/ciSereInfoView.kci?sereSearBean.insiId=INS000002487&sereSearBean.sereId=SER000010557
D_defense_security,국가정보연구 (Journal of National Intelligence Studies),KCI 등재,한국국가정보학회,국방/안보정책,연2회,0.16,발행논문 : 연간 10건,총 논문 : 126건,정책;국방;안보,https://www.kci.go.kr/kciportal/ci/seriesSearch/ciSereInfoView.kci?sereSearBean.insiId=INS000009296&sereSearBean.sereId=SER000003077
D_defense_security,국방과 보안 (Journal of Defense and Security),KCI 등재,국방보안연구소,국방정책론,연2회,0.1,발행논문 : 연간 26건,총 논문 : 128건,정책;국방,https://www.kci.go.kr/kciportal/ci/seriesSearch/ciSereInfoView.kci?sereSearBean.insiId=INS000065819&sereSearBean.sereId=SER000005444
D_defense_security,국방과학기술,,국방과학기술연구정보센터,군사학,연4회,0,발행논문 : 연간 0건,총 논문 : 0건,국방;군사;군,https://www.kci.go.kr/kciportal/ci/seriesSearch/ciSereInfoView.kci?sereSearBean.insiId=INS000008935&sereSearBean.sereId=SER000002775
D_defense_security,국방대학논총 (collection of writings korea national defense university),,국방대학교,국방/안보정책,연1회,0,발행논문 : 연간 0건,총 논문 : 0건,정책;국방;안보,https://www.kci.go.kr/kciportal/ci/seriesSearch/ciSereInfoView.kci?sereSearBean.insiId=INS000067430&sereSearBean.sereId=SER000005623
D_defense_security,국방연구,KCI 등재,국방대학교 국가안전보장문제연구소,정책학,연4회,1.22,발행논문 : 연간 22건,총 논문 : 498건,정책;국방;안전,https://www.kci.go.kr/kciportal/ci/seriesSearch/ciSereInfoView.kci?sereSearBean.insiId=INS000005754&sereSearBean.sereId=001669
D_defense_security,국방정책연구 (The Quarterly Journal of Defense Policy Studies),KCI 등재,한국국방연구원,국방/안보정책,연4회,1.69,발행논문 : 연간 28건,총 논문 : 607건,정책;국방;안보,https://www.kci.go.kr/kciportal/ci/seriesSearch/ciSereInfoView.kci?sereSearBean.insiId=INS000002627&sereSearBean.sereId=001646
D_defense_security,국제군사안보연구 (Journal of International Military Affairs and Security Studies),KCI 등재,대전대학교 국제군사안보연구원,국방/안보정책,연2회,0.5,발행논문 : 연간 11건,총 논문 : 54건,정책;국방;군사;안보;군,https://www.kci.go.kr/kciportal/ci/seriesSearch/ciSereInfoView.kci?sereSearBean.insiId=INS000003484&sereSearBean.sereId=SER000005789
D_defense_security,국제문제연구,KCI 등재,국가안보전략연구원,정치외교학,연4회,1.44,발행논문 : 연간 22건,총 논문 : 413건,안보;전략,https://www.kci.go.kr/kciportal/ci/seriesSearch/ciSereInfoView.kci?sereSearBean.insiId=INS000002487&sereSearBean.sereId=SER000010557
D_defense_security,군사과학논집 (Journal of Military Science Research),,공군사관학교 항공우주연구소,국방/안보정책,연2회,0,발행논문 : 연간 0건,총 논문 : 0건,정책;국방;군사;안보;군,https://www.kci.go.kr/kciportal/ci/seriesSearch/ciSereInfoView.kci?sereSearBean.insiId=INS000073505&sereSearBean.sereId=SER000006472
D_defense_security,군사발전연구 (Military Research and Development),KCI 등재,조선대학교 군사학연구소,군사학,연3회,0.28,발행논문 : 연간 17건,총 논문 : 100건,군사;군,https://www.kci.go.kr/kciportal/ci/seriesSearch/ciSereInfoView.kci?sereSearBean.insiId=INS000007502&sereSearBean.sereId=SER000002855
D_defense_security,군사법연구,,사단법인 한국군사법학회,기타법학,연1회,0,발행논문 : 연간 0건,총 논문 : 0건,군사;군,https://www.kci.go.kr/kciportal/ci/seriesSearch/ciSereInfoView.kci?sereSearBean.insiId=INS000072755&sereSearBean.sereId=SER000006879
D_defense_security,군사학논단 (The Journal of Military Art &Science),,경남대학교 군사연구소,전쟁론,연1회,0,발행논문 : 연간 0건,총 논문 : 0건,군사;군,https://www.kci.go.kr/kciportal/ci/seriesSearch/ciSereInfoView.kci?sereSearBean.insiId=INS000007527&sereSearBean.sereId=SER000006311
D_defense_security,글로벌사우스리뷰 (Review of Global South),,한국외국어대학교 글로벌사우스 포괄안보전략 연구센터,국제정치,연2회,0,발행논문 : 연간 0건,총 논문 : 0건,안보;전략,https://www.kci.go.kr/kciportal/ci/seriesSearch/ciSereInfoView.kci?sereSearBean.insiId=INS000080793&sereSearBean.sereId=SER000006817
D_defense_security,대테러연구 (The counter Terrorism Research),,경찰대학 국제대테러연구센터,기타정치외교학,연1회,0,발행논문 : 연간 0건,총 논문 : 0건,경찰;테러,https://www.kci.go.kr/kciportal/ci/seriesSearch/ciSereInfoView.kci?sereSearBean.insiId=INS000071274&sereSearBean.sereId=SER000006038
D_defense_security,방산안보연구 (Journal of Defense Industrial Security),,명지대학교 방산안보연구소,국방/안보정책,연2회,0,발행논문 : 연간 0건,총 논문 : 0건,정책;국방;안보,https://www.kci.go.kr/kciportal/ci/seriesSearch/ciSereInfoView.kci?sereSearBean.insiId=INS000075043&sereSearBean.sereId=SER000006819
D_defense_security,비상대비연구논총,,행정안전부,국방/안보정책,연1회,0,발행논문 : 연간 0건,총 논문 : 0건,행정;정책;국방;안보;안전,https://www.kci.go.kr/kciportal/ci/seriesSearch/ciSereInfoView.kci?sereSearBean.insiId=INS000064848&sereSearBean.sereId=SER000005307
D_defense_security,선진국방연구 (Journal of Advances in Military Studies),KCI 등재,광운대학교 방위사업연구소,기타군사학,연2회,0.49,발행논문 : 연간 12건,총 논문 : 111건,국방;군사;군,https://www.kci.go.kr/kciportal/ci/seriesSearch/ciSereInfoView.kci?sereSearBean.insiId=INS000061692&sereSearBean.sereId=SER000005179
D_defense_security,안보군사학연구 (Journal of National Security and Military Science),KCI 등재,대전대학교 국제군사안보연구원,국방/안보정책,연2회,0.5,발행논문 : 연간 11건,총 논문 : 54건,정책;국방;군사;안보;군,https://www.kci.go.kr/kciportal/ci/seriesSearch/ciSereInfoView.kci?sereSearBean.insiId=INS000003484&sereSearBean.sereId=SER000005789
D_defense_security,안보이슈브리핑,,대전대학교 국제군사안보연구원,안보이론,연4회,0,발행논문 : 연간 0건,총 논문 : 0건,군사;안보;군,https://www.kci.go.kr/kciportal/ci/seriesSearch/ciSereInfoView.kci?sereSearBean.insiId=INS000003484&sereSearBean.sereId=SER000006242
D_defense_security,안보전략연구 (SECURITY STRATEGY),,대한민국재향군인회,외교/안보/통일,연2회,0,발행논문 : 연간 0건,총 논문 : 0건,안보;전략;군;통일,https://www.kci.go.kr/kciportal/ci/seriesSearch/ciSereInfoView.kci?sereSearBean.insiId=INS000063752&sereSearBean.sereId=SER000006261
D_defense_security,영남국방논총 (Yeungnam National Defense Review),,영남대학교 한국군사문제연구소,국방/안보정책,연1회,0,발행논문 : 연간 0건,총 논문 : 0건,정책;국방;군사;안보;군,https://www.kci.go.kr/kciportal/ci/seriesSearch/ciSereInfoView.kci?sereSearBean.insiId=INS000060335&sereSearBean.sereId=SER000005941
D_defense_security,영문학술지(KJSA),KCI 등재,국방대학교 국가안전보장문제연구소,외교/안보/통일,연2회,0,발행논문 : 연간 11건,총 논문 : 246건,국방;안보;안전;통일,https://www.kci.go.kr/kciportal/ci/seriesSearch/ciSereInfoView.kci?sereSearBean.insiId=INS000005754&sereSearBean.sereId=002062
D_defense_security,원광군사논단,,원광대학교 군사학연구소,군사학,연1회,0,발행논문 : 연간 0건,총 논문 : 0건,군사;군,https://www.kci.go.kr/kciportal/ci/seriesSearch/ciSereInfoView.kci?sereSearBean.insiId=INS000007532&sereSearBean.sereId=SER000003304
D_defense_security,재향군인회 안보전략연구 (study security strategy),,대한민국재향군인회 안보전략연구원,외교/안보/통일,연2회,0.2,발행논문 : 연간 11건,총 논문 : 45건,안보;전략;군;통일,https://www.kci.go.kr/kciportal/ci/seriesSearch/ciSereInfoView.kci?sereSearBean.insiId=INS000073512&sereSearBean.sereId=SER000006263
D_defense_security,정신전력연구 (Journal of Spiritual & Mental Force Enhancement),KCI 등재,국방정신전력원,교육학,연4회,0.74,발행논문 : 연간 23건,총 논문 : 185건,국방,https://www.kci.go.kr/kciportal/ci/seriesSearch/ciSereInfoView.kci?sereSearBean.insiId=INS000063566&sereSearBean.sereId=SER000005143
D_defense_security,창끝전투 (Journal of Small Warfare Society),,(사)창끝전투학회,군사학,연4회,0,발행논문 : 연간 0건,총 논문 : 0건,군사;군,https://www.kci.go.kr/kciportal/ci/seriesSearch/ciSereInfoView.kci?sereSearBean.insiId=INS000077438&sereSearBean.sereId=SER000006638
D_defense_security,한국국가안보·국민안전학회지 (Korean National Security and Public Safety Association),KCI 등재,한국국가안보·국민안전학회,국방/안보정책,연2회,0.71,발행논문 : 연간 10건,총 논문 : 109건,정책;국방;안보;안전,https://www.kci.go.kr/kciportal/ci/seriesSearch/ciSereInfoView.kci?sereSearBean.insiId=INS000041641&sereSearBean.sereId=SER000004421
D_defense_security,한국국가전략 (KRINS QUARTERLY),KCI 등재,사단법인 한국국가전략연구원,외교/안보/통일,연3회,0.86,발행논문 : 연간 18건,총 논문 : 197건,안보;전략;국가전략;통일,https://www.kci.go.kr/kciportal/ci/seriesSearch/ciSereInfoView.kci?sereSearBean.insiId=INS000063679&sereSearBean.sereId=SER000005176
D_defense_security,한국국방우주학회지 (Journal of korean space association for national defense),,한국국방우주학회,국방/안보정책,연2회,0,발행논문 : 연간 0건,총 논문 : 0건,정책;국방;안보,https://www.kci.go.kr/kciportal/ci/seriesSearch/ciSereInfoView.kci?sereSearBean.insiId=INS000074475&sereSearBean.sereId=SER000006419
D_defense_security,한국군사 (Korea Journal of Military Affairs),KCI 등재,(재)한국군사문제연구원,기타군사학,연2회,1,발행논문 : 연간 14건,총 논문 : 130건,군사;군,https://www.kci.go.kr/kciportal/ci/seriesSearch/ciSereInfoView.kci?sereSearBean.insiId=INS000054293&sereSearBean.sereId=SER000004988
D_defense_security,한국군사학논집 (Korean Journal of Military Art and Science),KCI 등재,육군사관학교 화랑대연구소,군사이론,연3회,0.66,발행논문 : 연간 35건,총 논문 : 622건,군사;군,https://www.kci.go.kr/kciportal/ci/seriesSearch/ciSereInfoView.kci?sereSearBean.insiId=INS000005755&sereSearBean.sereId=SER000001512
D_defense_security,한국군사학논총 (Review of Korean Military Studies),KCI 등재,미래군사학회,군사학,연4회,0.83,발행논문 : 연간 20건,총 논문 : 304건,군사;군,https://www.kci.go.kr/kciportal/ci/seriesSearch/ciSereInfoView.kci?sereSearBean.insiId=INS000061176&sereSearBean.sereId=SER000004813
D_defense_security,한국군사회복지학,KCI 등재,한국군사회복지학회,사회복지학,연2회,0.37,발행논문 : 연간 10건,총 논문 : 154건,군사;군,https://www.kci.go.kr/kciportal/ci/seriesSearch/ciSereInfoView.kci?sereSearBean.insiId=INS000002344&sereSearBean.sereId=SER000003069
D_defense_security,한국방위산업학회지 (Journal of the Korea Association of Defense Industry Studies),KCI 등재,한국방위산업학회,기타군사학,연3회,1.04,발행논문 : 연간 24건,총 논문 : 489건,국방;군사;군,https://www.kci.go.kr/kciportal/ci/seriesSearch/ciSereInfoView.kci?sereSearBean.insiId=INS000007732&sereSearBean.sereId=SER000001543
D_defense_security,한국테러학회보 (Korean terrorism studies Review),KCI 등재,한국테러학회,사회과학일반,연4회,0.58,발행논문 : 연간 26건,총 논문 : 503건,테러,https://www.kci.go.kr/kciportal/ci/seriesSearch/ciSereInfoView.kci?sereSearBean.insiId=INS000002466&sereSearBean.sereId=SER000003128
D_defense_security,한국해군과학기술학회지 (Journal of the Korea Society for Naval Science and technology),KCI 등재,한국해군과학기술학회,군사학,연4회,0.57,발행논문 : 연간 71건,총 논문 : 357건,군사;군,https://www.kci.go.kr/kciportal/ci/seriesSearch/ciSereInfoView.kci?sereSearBean.insiId=INS000064381&sereSearBean.sereId=SER000005924
D_defense_security,한국해양안보논총,KCI 등재,한국해양안보포럼,안보이론,연2회,0.68,발행논문 : 연간 13건,총 논문 : 117건,안보;해양안보,https://www.kci.go.kr/kciportal/ci/seriesSearch/ciSereInfoView.kci?sereSearBean.insiId=INS000068284&sereSearBean.sereId=SER000005641
D_defense_security,한반도 미래연구,,국민대학교 한반도미래연구원,외교/안보/통일,연2회,0,발행논문 : 연간 0건,총 논문 : 0건,안보;통일,https://www.kci.go.kr/kciportal/ci/seriesSearch/ciSereInfoView.kci?sereSearBean.insiId=INS000060313&sereSearBean.sereId=SER000006690
D_defense_security,한일군사문화연구 (Journal of Korean-Japanese Military and Culture),KCI 등재,한일군사문화학회,기타군사학,연3회,0.59,발행논문 : 연간 19건,총 논문 : 448건,군사;군,https://www.kci.go.kr/kciportal/ci/seriesSearch/ciSereInfoView.kci?sereSearBean.insiId=INS000000654&sereSearBean.sereId=SER000009034
D_defense_security,합동군사연구 (Joint Forces Military Research),,합동군사대학교,군사학,연2회,0,발행논문 : 연간 0건,총 논문 : 0건,군사;군,https://www.kci.go.kr/kciportal/ci/seriesSearch/ciSereInfoView.kci?sereSearBean.insiId=INS000070305&sereSearBean.sereId=SER000005909
D_defense_security,해양안보 (Journal of Maritime Security),,한국해양전략연구소,해양,연2회,0,발행논문 : 연간 0건,총 논문 : 0건,안보;전략;해양안보,https://www.kci.go.kr/kciportal/ci/seriesSearch/ciSereInfoView.kci?sereSearBean.insiId=INS000067869&sereSearBean.sereId=SER000005589
D_defense_security,해양안보융합연구 (Maritime Security Studies & Fusion),,해군대학,군사전략술,연4회,0,발행논문 : 연간 0건,총 논문 : 0건,군사;안보;전략;군;해양안보,https://www.kci.go.kr/kciportal/ci/seriesSearch/ciSereInfoView.kci?sereSearBean.insiId=INS000008277&sereSearBean.sereId=SER000002194
E_police_crisis,Crisisonomy (Crisisonomy),KCI 등재,(사)위기관리이론과실천,정책학일반,연12회,0.54,발행논문 : 연간 106건,"총 논문 : 2,325건",정책;위기,https://www.kci.go.kr/kciportal/ci/seriesSearch/ciSereInfoView.kci?sereSearBean.insiId=INS000007795&sereSearBean.sereId=SER000001473
E_police_crisis,Disastronomy (Disastronomy),,(사)위기관리이론과실천,사회과학,연2회,0,발행논문 : 연간 0건,총 논문 : 0건,위기,https://www.kci.go.kr/kciportal/ci/seriesSearch/ciSereInfoView.kci?sereSearBean.insiId=INS000007795&sereSearBean.sereId=SER000004932
E_police_crisis,Journal of Safety and Crisis Management,KCI 등재,(사)위기관리이론과실천,정책학일반,연12회,0.07,발행논문 : 연간 51건,총 논문 : 409건,정책;위기,https://www.kci.go.kr/kciportal/ci/seriesSearch/ciSereInfoView.kci?sereSearBean.insiId=INS000007795&sereSearBean.sereId=SER000004496
E_police_crisis,경찰법학 (The Journal of Police Law),,경찰대학 경찰법센터,행정법,연1회,0,발행논문 : 연간 0건,총 논문 : 0건,행정;경찰,https://www.kci.go.kr/kciportal/ci/seriesSearch/ciSereInfoView.kci?sereSearBean.insiId=INS000073962&sereSearBean.sereId=SER000006348
E_police_crisis,경찰학논총,,원광대학교 경찰학연구소,경찰행정,연4회,0,발행논문 : 연간 28건,총 논문 : 417건,행정;경찰,https://www.kci.go.kr/kciportal/ci/seriesSearch/ciSereInfoView.kci?sereSearBean.insiId=INS000006133&sereSearBean.sereId=SER000001331
E_police_crisis,경호경비연구 (Korean Security Science Review),KCI 등재,한국보안관리학회,기타행정학,연4회,0.98,발행논문 : 연간 46건,총 논문 : 915건,행정,https://www.kci.go.kr/kciportal/ci/seriesSearch/ciSereInfoView.kci?sereSearBean.insiId=INS000000883&sereSearBean.sereId=001904
E_police_crisis,국가위기관리연구 (Korean Journal of National Crisis and Emergency Management),,충북대학교 국가위기관리연구소,행정학,연2회,0,발행논문 : 연간 0건,총 논문 : 0건,행정;위기,https://www.kci.go.kr/kciportal/ci/seriesSearch/ciSereInfoView.kci?sereSearBean.insiId=INS000006204&sereSearBean.sereId=SER000000616
E_police_crisis,범죄와 경찰정책학회보 (Journal of Crime and Police Policy),,범죄와 경찰정책학회,경찰행정,연2회,0,발행논문 : 연간 0건,총 논문 : 0건,행정;정책;경찰,https://www.kci.go.kr/kciportal/ci/seriesSearch/ciSereInfoView.kci?sereSearBean.insiId=INS000073187&sereSearBean.sereId=SER000006287
E_police_crisis,시큐리티연구 (Korean Security Journal),KCI 등재,한국보안관리학회,기타행정학,연4회,0.98,발행논문 : 연간 46건,총 논문 : 915건,행정,https://www.kci.go.kr/kciportal/ci/seriesSearch/ciSereInfoView.kci?sereSearBean.insiId=INS000000883&sereSearBean.sereId=001904
E_police_crisis,연구보고서,,경찰대학 치안정책연구소,사회과학일반,연1회,0,발행논문 : 연간 0건,총 논문 : 0건,정책;경찰;치안,https://www.kci.go.kr/kciportal/ci/seriesSearch/ciSereInfoView.kci?sereSearBean.insiId=INS000007524&sereSearBean.sereId=SER000001511
E_police_crisis,위기관리연구논총 (Contingencies and Crisis and Management Review),,충북대학교 국가위기관리연구소,정책학일반,연2회,0,발행논문 : 연간 0건,총 논문 : 0건,정책;위기,https://www.kci.go.kr/kciportal/ci/seriesSearch/ciSereInfoView.kci?sereSearBean.insiId=INS000006204&sereSearBean.sereId=SER000005139
E_police_crisis,치안과학기술리뷰,,경찰대학 치안정책연구소,사회과학일반,연2회,0,발행논문 : 연간 0건,총 논문 : 0건,정책;경찰;치안,https://www.kci.go.kr/kciportal/ci/seriesSearch/ciSereInfoView.kci?sereSearBean.insiId=INS000007524&sereSearBean.sereId=SER000006847
E_police_crisis,치안논총,,경찰대학 치안정책연구소,사회과학일반,연1회,0,발행논문 : 연간 0건,총 논문 : 0건,정책;경찰;치안,https://www.kci.go.kr/kciportal/ci/seriesSearch/ciSereInfoView.kci?sereSearBean.insiId=INS000007524&sereSearBean.sereId=SER000001508
E_police_crisis,치안정책리뷰,,경찰대학 치안정책연구소,사회과학일반,연4회,0,발행논문 : 연간 0건,총 논문 : 0건,정책;경찰;치안,https://www.kci.go.kr/kciportal/ci/seriesSearch/ciSereInfoView.kci?sereSearBean.insiId=INS000007524&sereSearBean.sereId=SER000001510
E_police_crisis,치안정책연구,KCI 등재,경찰대학 치안정책연구소,경찰행정,연4회,1.08,발행논문 : 연간 29건,총 논문 : 519건,행정;정책;경찰;치안,https://www.kci.go.kr/kciportal/ci/seriesSearch/ciSereInfoView.kci?sereSearBean.insiId=INS000007524&sereSearBean.sereId=SER000001509
E_police_crisis,한국경찰발전연구학회보 (Korean Police Studies Review),KCI 등재,한국경찰연구학회,경찰행정,연4회,1.24,발행논문 : 연간 39건,총 논문 : 829건,행정;경찰,https://www.kci.go.kr/kciportal/ci/seriesSearch/ciSereInfoView.kci?sereSearBean.insiId=INS000000295&sereSearBean.sereId=001889
E_police_crisis,한국경찰연구 (Korean Police Studies Review),KCI 등재,한국경찰연구학회,경찰행정,연4회,1.24,발행논문 : 연간 39건,총 논문 : 829건,행정;경찰,https://www.kci.go.kr/kciportal/ci/seriesSearch/ciSereInfoView.kci?sereSearBean.insiId=INS000000295&sereSearBean.sereId=001889
E_police_crisis,한국경찰학회보 (The Korean Association of Police Science Review),KCI 등재,한국경찰학회,경찰행정,연6회,1.58,발행논문 : 연간 41건,"총 논문 : 1,138건",행정;경찰,https://www.kci.go.kr/kciportal/ci/seriesSearch/ciSereInfoView.kci?sereSearBean.insiId=INS000001821&sereSearBean.sereId=002121
E_police_crisis,한국경호경비학회지 (Korean Security Science Review),KCI 등재,한국보안관리학회,기타행정학,연4회,0.98,발행논문 : 연간 46건,총 논문 : 915건,행정,https://www.kci.go.kr/kciportal/ci/seriesSearch/ciSereInfoView.kci?sereSearBean.insiId=INS000000883&sereSearBean.sereId=001904
E_police_crisis,한국공안행정학회보 (Korean Associatin of Public Safety and Criminal Justice Review),KCI 등재,한국공안행정학회,행정학,연4회,0.91,발행논문 : 연간 43건,"총 논문 : 1,109건",행정;공안,https://www.kci.go.kr/kciportal/ci/seriesSearch/ciSereInfoView.kci?sereSearBean.insiId=INS000000746&sereSearBean.sereId=001378
E_police_crisis,한국민간경비학회보 (Journal of The Korean Society of Private Security),KCI 등재,한국민간경비학회,경찰행정,연4회,0.72,발행논문 : 연간 41건,총 논문 : 661건,행정;경찰,https://www.kci.go.kr/kciportal/ci/seriesSearch/ciSereInfoView.kci?sereSearBean.insiId=INS000002204&sereSearBean.sereId=SER000010424
E_police_crisis,한국범죄정보연구 (Korea Criminal Intelligence Review),KCI 등재,한국사회안전 범죄정보학회,사회과학일반,연2회,0.64,발행논문 : 연간 16건,총 논문 : 143건,안전,https://www.kci.go.kr/kciportal/ci/seriesSearch/ciSereInfoView.kci?sereSearBean.insiId=INS000042308&sereSearBean.sereId=SER000004626
E_police_crisis,한국범죄학,KCI 등재,대한범죄학회,경찰행정,연3회,1.4,발행논문 : 연간 21건,총 논문 : 351건,행정;경찰,https://www.kci.go.kr/kciportal/ci/seriesSearch/ciSereInfoView.kci?sereSearBean.insiId=INS000002207&sereSearBean.sereId=SER000002223
E_police_crisis,한국사회안전학회지 (Korean Journal of Security and Safety),,한국사회안전학회,사회과학일반,연2회,0,발행논문 : 연간 0건,총 논문 : 0건,안전,https://www.kci.go.kr/kciportal/ci/seriesSearch/ciSereInfoView.kci?sereSearBean.insiId=INS000001269&sereSearBean.sereId=SER000002833
E_police_crisis,한국위기관리논집 (Korean Review of Crisis and Emergency Management),KCI 등재,(사)위기관리이론과실천,정책학일반,연12회,0.54,발행논문 : 연간 106건,"총 논문 : 2,325건",정책;위기,https://www.kci.go.kr/kciportal/ci/seriesSearch/ciSereInfoView.kci?sereSearBean.insiId=INS000007795&sereSearBean.sereId=SER000001473
E_police_crisis,한국치안행정논집 (Journal of Korean Public Police and Security Studies),KCI 등재,한국치안행정학회,경찰행정,연4회,1.53,발행논문 : 연간 42건,총 논문 : 801건,행정;경찰;치안,https://www.kci.go.kr/kciportal/ci/seriesSearch/ciSereInfoView.kci?sereSearBean.insiId=INS000002531&sereSearBean.sereId=SER000001384
E_police_crisis,한국해양경찰학회보 (Korean Association of Maritime Police Science),KCI 등재,한국해양경찰학회,경찰행정,연4회,0.45,발행논문 : 연간 26건,총 논문 : 419건,행정;경찰,https://www.kci.go.kr/kciportal/ci/seriesSearch/ciSereInfoView.kci?sereSearBean.insiId=INS000008671&sereSearBean.sereId=SER000003289
E_police_crisis,"항공보안ㆍ안전 거버넌스 (Journal of Aviation Security, Safety and Governance)",KCI 등재,한국항공보안학회,사회과학일반,연3회,0.36,발행논문 : 연간 14건,총 논문 : 111건,거버넌스;안전,https://www.kci.go.kr/kciportal/ci/seriesSearch/ciSereInfoView.kci?sereSearBean.insiId=INS000073939&sereSearBean.sereId=SER000006306
E_police_crisis,형사사법연구 (Korean Journal of Criminal Justice),,동국대학교 경찰범죄연구소,경찰행정,연2회,0,발행논문 : 연간 0건,총 논문 : 0건,행정;경찰,https://www.kci.go.kr/kciportal/ci/seriesSearch/ciSereInfoView.kci?sereSearBean.insiId=INS000010017&sereSearBean.sereId=SER000003930
F_politics_legislation_unification,Asian Journal of Peacebuilding (Asian Journal of Peacebuilding),KCI 등재,서울대학교 통일평화연구원,사회과학일반,연2회,0.37,발행논문 : 연간 14건,총 논문 : 200건,통일,https://www.kci.go.kr/kciportal/ci/seriesSearch/ciSereInfoView.kci?sereSearBean.insiId=INS000007503&sereSearBean.sereId=SER000004541
F_politics_legislation_unification,Journal of North Korea Studies (Journal of North Korea Studies),KCI 등재,고려대학교세종캠퍼스 공공정책연구소,북한,연2회,0.63,발행논문 : 연간 11건,총 논문 : 125건,정책;공공;북한,https://www.kci.go.kr/kciportal/ci/seriesSearch/ciSereInfoView.kci?sereSearBean.insiId=INS000009668&sereSearBean.sereId=SER000004406
F_politics_legislation_unification,Journal of Peace and Unification (Journal of Peace and Unification),KCI 등재,이화여자대학교 통일학연구원,북한,연4회,0.08,발행논문 : 연간 13건,총 논문 : 152건,북한;통일,https://www.kci.go.kr/kciportal/ci/seriesSearch/ciSereInfoView.kci?sereSearBean.insiId=INS000004975&sereSearBean.sereId=SER000004161
F_politics_legislation_unification,Journal of Territorial and Maritime Studies (Journal of Territorial and Maritime Studies),,연세대학교 통일연구원,해양,연2회,0,발행논문 : 연간 0건,총 논문 : 0건,통일,https://www.kci.go.kr/kciportal/ci/seriesSearch/ciSereInfoView.kci?sereSearBean.insiId=INS000010176&sereSearBean.sereId=SER000004822
F_politics_legislation_unification,NORTH KOREAN REVIEW (NORTH KOREAN REVIEW),,연세대학교 통일연구원,북한,연2회,0,발행논문 : 연간 0건,총 논문 : 0건,북한;통일,https://www.kci.go.kr/kciportal/ci/seriesSearch/ciSereInfoView.kci?sereSearBean.insiId=INS000010176&sereSearBean.sereId=SER000003522
F_politics_legislation_unification,공공선택학저널 (Journal of Public Choice),KCI 후보,공공선택학회,정치경제학,연2회,0,발행논문 : 연간 9건,총 논문 : 17건,공공,https://www.kci.go.kr/kciportal/ci/seriesSearch/ciSereInfoView.kci?sereSearBean.insiId=INS000073581&sereSearBean.sereId=SER000006685
F_politics_legislation_unification,공공외교: 이론과 실천 (Public Diplomacy: Theory and Practice),KCI 등재,한국공공외교학회,사회과학일반,연2회,0.33,발행논문 : 연간 6건,총 논문 : 34건,공공,https://www.kci.go.kr/kciportal/ci/seriesSearch/ciSereInfoView.kci?sereSearBean.insiId=INS000074101&sereSearBean.sereId=SER000006321
F_politics_legislation_unification,교육정치학연구 (The Journal of Politics of Education),KCI 등재,한국교육정치학회,교육행정/경영학,연4회,1.97,발행논문 : 연간 21건,총 논문 : 677건,행정,https://www.kci.go.kr/kciportal/ci/seriesSearch/ciSereInfoView.kci?sereSearBean.insiId=INS000000886&sereSearBean.sereId=SER000009222
F_politics_legislation_unification,국가전략 (National Strategy),KCI 등재,세종연구소,정치외교학,연4회,1.04,발행논문 : 연간 24건,총 논문 : 601건,전략;국가전략,https://www.kci.go.kr/kciportal/ci/seriesSearch/ciSereInfoView.kci?sereSearBean.insiId=INS000002573&sereSearBean.sereId=000434
F_politics_legislation_unification,미래정책연구 (Journal of Policy Studies),,정책연구원풀울림,외교정책,연4회,0,발행논문 : 연간 0건,총 논문 : 0건,정책,https://www.kci.go.kr/kciportal/ci/seriesSearch/ciSereInfoView.kci?sereSearBean.insiId=INS000061321&sereSearBean.sereId=SER000005346
F_politics_legislation_unification,민족사상 (KOREA ASSOCIATION OF NATIONAL THOUGHT),,한국민족사상학회,한국정치사상,연3회,0,발행논문 : 연간 18건,총 논문 : 272건,국정,https://www.kci.go.kr/kciportal/ci/seriesSearch/ciSereInfoView.kci?sereSearBean.insiId=INS000002440&sereSearBean.sereId=SER000010545
F_politics_legislation_unification,북한법연구 (STUDIES ON NORTH KOREAN LAW),KCI 등재,통일과북한법학회,통일관계법,연2회,1,발행논문 : 연간 11건,총 논문 : 65건,북한;통일,https://www.kci.go.kr/kciportal/ci/seriesSearch/ciSereInfoView.kci?sereSearBean.insiId=INS000001980&sereSearBean.sereId=SER000010222
F_politics_legislation_unification,북한연구학회보 (NORTH KOREAN STUDIES REVIEW),KCI 등재,북한연구학회,정치외교학,연2회,1.32,발행논문 : 연간 19건,총 논문 : 471건,북한,https://www.kci.go.kr/kciportal/ci/seriesSearch/ciSereInfoView.kci?sereSearBean.insiId=INS000000907&sereSearBean.sereId=001326
F_politics_legislation_unification,북한학보 (Journal of North Korean Studies),KCI 등재,북한연구소,북한,연2회,0.38,발행논문 : 연간 11건,총 논문 : 168건,북한,https://www.kci.go.kr/kciportal/ci/seriesSearch/ciSereInfoView.kci?sereSearBean.insiId=INS000000195&sereSearBean.sereId=SER000008703
F_politics_legislation_unification,북한학연구,KCI 등재,동국대학교 북한학연구소,북한,연2회,0.81,발행논문 : 연간 14건,총 논문 : 225건,북한,https://www.kci.go.kr/kciportal/ci/seriesSearch/ciSereInfoView.kci?sereSearBean.insiId=INS000004507&sereSearBean.sereId=SER000014018
F_politics_legislation_unification,의정논총 (Journal of Parliamentary Research),KCI 등재,한국의정연구회,정치행정,연2회,0.32,발행논문 : 연간 20건,총 논문 : 333건,행정,https://www.kci.go.kr/kciportal/ci/seriesSearch/ciSereInfoView.kci?sereSearBean.insiId=INS000006870&sereSearBean.sereId=SER000001564
F_politics_legislation_unification,입법과 정책 (Legislation and Policy Studies),KCI 등재,국회입법조사처,정책학,연3회,1.02,발행논문 : 연간 28건,총 논문 : 509건,정책;입법;법과 정책,https://www.kci.go.kr/kciportal/ci/seriesSearch/ciSereInfoView.kci?sereSearBean.insiId=INS000011529&sereSearBean.sereId=SER000003935
F_politics_legislation_unification,입법정책 (legislation and policies),,한국입법정책학회,법학,연2회,0,발행논문 : 연간 0건,총 논문 : 0건,정책;입법,https://www.kci.go.kr/kciportal/ci/seriesSearch/ciSereInfoView.kci?sereSearBean.insiId=INS000002281&sereSearBean.sereId=SER000010479
F_politics_legislation_unification,입법학연구 (Journal of Legislation Studies),KCI 등재,한국입법학회,법학,연2회,0.92,발행논문 : 연간 17건,총 논문 : 188건,입법,https://www.kci.go.kr/kciportal/ci/seriesSearch/ciSereInfoView.kci?sereSearBean.insiId=INS000002158&sereSearBean.sereId=SER000004602
F_politics_legislation_unification,전략연구 (STRATEGIC STUDIES),KCI 등재,(사) 한국전략문제연구소,정치외교학,연3회,1.24,발행논문 : 연간 20건,총 논문 : 496건,전략,https://www.kci.go.kr/kciportal/ci/seriesSearch/ciSereInfoView.kci?sereSearBean.insiId=INS000002636&sereSearBean.sereId=001467
F_politics_legislation_unification,접경지역통일연구 (The Journal of the Border Area and Reunification Studies),,한국접경지역통일학회,사회과학일반,연2회,0,발행논문 : 연간 15건,총 논문 : 30건,통일,https://www.kci.go.kr/kciportal/ci/seriesSearch/ciSereInfoView.kci?sereSearBean.insiId=INS000063503&sereSearBean.sereId=SER000005887
F_politics_legislation_unification,정치·정보연구,KCI 등재,한국정치정보학회,정치외교학,연3회,0.8,발행논문 : 연간 23건,총 논문 : 662건,국정,https://www.kci.go.kr/kciportal/ci/seriesSearch/ciSereInfoView.kci?sereSearBean.insiId=INS000000557&sereSearBean.sereId=001718
F_politics_legislation_unification,정치비평,,한국정치연구회,정치학일반,연2회,0,발행논문 : 연간 0건,총 논문 : 0건,국정,https://www.kci.go.kr/kciportal/ci/seriesSearch/ciSereInfoView.kci?sereSearBean.insiId=INS000001566&sereSearBean.sereId=SER000009786
F_politics_legislation_unification,정치사상연구 (The Korean Review of Political Thought),KCI 등재,한국정치사상학회,정치외교학,연2회,0.58,발행논문 : 연간 13건,총 논문 : 322건,국정,https://www.kci.go.kr/kciportal/ci/seriesSearch/ciSereInfoView.kci?sereSearBean.insiId=INS000001772&sereSearBean.sereId=001328
F_politics_legislation_unification,정치와 공론 (Politics & Public Opinion),KCI 등재,(사)한국정치평론학회,사회과학일반,연2회,0.47,발행논문 : 연간 10건,총 논문 : 57건,국정,https://www.kci.go.kr/kciportal/ci/seriesSearch/ciSereInfoView.kci?sereSearBean.insiId=INS000008619&sereSearBean.sereId=SER000002288
F_politics_legislation_unification,정치커뮤니케이션연구 (Journal of Political Communication),KCI 등재,한국정치커뮤니케이션학회,정치커뮤니케이션,연4회,1.62,발행논문 : 연간 21건,총 논문 : 406건,국정,https://www.kci.go.kr/kciportal/ci/seriesSearch/ciSereInfoView.kci?sereSearBean.insiId=INS000002040&sereSearBean.sereId=002092
F_politics_legislation_unification,지역과 통일,,대진대학교 대진평화통일교육연구원,북한정치/통일,연2회,0,발행논문 : 연간 0건,총 논문 : 0건,북한;통일,https://www.kci.go.kr/kciportal/ci/seriesSearch/ciSereInfoView.kci?sereSearBean.insiId=INS000070594&sereSearBean.sereId=SER000006017
F_politics_legislation_unification,채비,,단국대학교(천안캠퍼스) 백범통일연구소,북한정치/통일,연2회,0,발행논문 : 연간 0건,총 논문 : 0건,북한;통일,https://www.kci.go.kr/kciportal/ci/seriesSearch/ciSereInfoView.kci?sereSearBean.insiId=INS000073044&sereSearBean.sereId=SER000006358
F_politics_legislation_unification,통일과 담론,,국립평화통일민주교육원,북한정치/통일,연2회,0,발행논문 : 연간 0건,총 논문 : 0건,북한;통일,https://www.kci.go.kr/kciportal/ci/seriesSearch/ciSereInfoView.kci?sereSearBean.insiId=INS000081439&sereSearBean.sereId=SER000006922
F_politics_legislation_unification,통일과 법률 (Unification & Law),KCI 등재,법무부,통일관계법,연4회,1.09,발행논문 : 연간 15건,총 논문 : 170건,통일,https://www.kci.go.kr/kciportal/ci/seriesSearch/ciSereInfoView.kci?sereSearBean.insiId=INS000002561&sereSearBean.sereId=SER000003837
F_politics_legislation_unification,통일과 평화 (Journal of Peace and Unification Studies),KCI 등재,서울대학교 통일평화연구원,북한사회및통일연구,연2회,0.94,발행논문 : 연간 17건,총 논문 : 220건,북한;통일,https://www.kci.go.kr/kciportal/ci/seriesSearch/ciSereInfoView.kci?sereSearBean.insiId=INS000007503&sereSearBean.sereId=SER000003021
F_politics_legislation_unification,통일과평화 (Journal of Peace and Unification Studies),KCI 등재,서울대학교 통일평화연구원,북한사회및통일연구,연2회,0.94,발행논문 : 연간 17건,총 논문 : 220건,북한;통일,https://www.kci.go.kr/kciportal/ci/seriesSearch/ciSereInfoView.kci?sereSearBean.insiId=INS000007503&sereSearBean.sereId=SER000003021
F_politics_legislation_unification,통일교육연구 (Korean Journal of Reunification Education),KCI 등재,한국통일교육학회,교육학,연2회,1.15,발행논문 : 연간 9건,총 논문 : 66건,통일,https://www.kci.go.kr/kciportal/ci/seriesSearch/ciSereInfoView.kci?sereSearBean.insiId=INS000059591&sereSearBean.sereId=SER000005569
F_politics_legislation_unification,통일문제연구 (The Korean Journal of Unification Affairs),KCI 등재,평화문제연구소,정치외교학,연2회,0.84,발행논문 : 연간 17건,총 논문 : 416건,통일,https://www.kci.go.kr/kciportal/ci/seriesSearch/ciSereInfoView.kci?sereSearBean.insiId=INS000002628&sereSearBean.sereId=000548
F_politics_legislation_unification,통일법연구 (Journal of Unification Law),,헌법이론실무학회,통일관계법,연1회,0,발행논문 : 연간 0건,총 논문 : 0건,통일,https://www.kci.go.kr/kciportal/ci/seriesSearch/ciSereInfoView.kci?sereSearBean.insiId=INS000011594&sereSearBean.sereId=SER000004492
F_politics_legislation_unification,통일사회복지연구,,통일사회복지학회,북한사회및통일연구,연2회,0,발행논문 : 연간 0건,총 논문 : 0건,북한;통일,https://www.kci.go.kr/kciportal/ci/seriesSearch/ciSereInfoView.kci?sereSearBean.insiId=INS000061448&sereSearBean.sereId=SER000005573
F_politics_legislation_unification,통일연구 (KOREAN UNIFICATION STUDIES),KCI 등재,연세대학교 통일연구원,북한정치/통일,연2회,1.41,발행논문 : 연간 9건,총 논문 : 122건,북한;통일,https://www.kci.go.kr/kciportal/ci/seriesSearch/ciSereInfoView.kci?sereSearBean.insiId=INS000010176&sereSearBean.sereId=SER000003517
F_politics_legislation_unification,통일연구 (Korean Unification Studies),,연세대학교 국가관리연구원,기타사회과학일반,연2회,0,발행논문 : 연간 9건,총 논문 : 36건,통일,https://www.kci.go.kr/kciportal/ci/seriesSearch/ciSereInfoView.kci?sereSearBean.insiId=INS000004825&sereSearBean.sereId=SER000002246
F_politics_legislation_unification,통일전략 (Unification Stratrgy),,한국통일전략학회,북한정치/통일,연4회,0,발행논문 : 연간 24건,총 논문 : 415건,전략;북한;통일,https://www.kci.go.kr/kciportal/ci/seriesSearch/ciSereInfoView.kci?sereSearBean.insiId=INS000000609&sereSearBean.sereId=001912
F_politics_legislation_unification,통일정책연구 (Unification Policy Studies),KCI 등재,통일연구원,정치외교학,연2회,2.17,발행논문 : 연간 17건,총 논문 : 576건,정책;통일,https://www.kci.go.kr/kciportal/ci/seriesSearch/ciSereInfoView.kci?sereSearBean.insiId=INS000002612&sereSearBean.sereId=001526
F_politics_legislation_unification,통일채비 (Preparation for Unification),,백범통일연구소,기타행정학,연2회,0,발행논문 : 연간 0건,총 논문 : 0건,행정;통일,https://www.kci.go.kr/kciportal/ci/seriesSearch/ciSereInfoView.kci?sereSearBean.insiId=INS000072907&sereSearBean.sereId=SER000006211
F_politics_legislation_unification,평화들 PEACES (PEACES),KCI 후보,강원대학교 통일강원연구원,기타사회과학일반,연2회,0.24,발행논문 : 연간 9건,총 논문 : 46건,통일,https://www.kci.go.kr/kciportal/ci/seriesSearch/ciSereInfoView.kci?sereSearBean.insiId=INS000060195&sereSearBean.sereId=SER000006447
F_politics_legislation_unification,평화연구(平和硏究) (PEACE RESEARCH),,경북대학교 평화문제연구소,북한정치/통일,연1회,0,발행논문 : 연간 0건,총 논문 : 0건,북한;통일,https://www.kci.go.kr/kciportal/ci/seriesSearch/ciSereInfoView.kci?sereSearBean.insiId=INS000002721&sereSearBean.sereId=SER000004101
F_politics_legislation_unification,평화통일연구 (Peaceful Unification Research),,총신대학교 평화통일연구소,북한사회및통일연구,연2회,0,발행논문 : 연간 0건,총 논문 : 0건,북한;통일,https://www.kci.go.kr/kciportal/ci/seriesSearch/ciSereInfoView.kci?sereSearBean.insiId=INS000060584&sereSearBean.sereId=SER000005629
F_politics_legislation_unification,한국공공선택학연구 (Korean Journal of Public Choice Economics),,국립경국대학교 한국애덤스미스공공선택학새마을운동교육연구소,정치경제학,연1회,0,발행논문 : 연간 0건,총 논문 : 0건,공공,https://www.kci.go.kr/kciportal/ci/seriesSearch/ciSereInfoView.kci?sereSearBean.insiId=INS000010001&sereSearBean.sereId=SER000003969
F_politics_legislation_unification,한국정당학회보 (Korean Party Studies Review),KCI 등재,한국정당학회,정치권력/정치과정,연4회,1.37,발행논문 : 연간 17건,총 논문 : 346건,국정,https://www.kci.go.kr/kciportal/ci/seriesSearch/ciSereInfoView.kci?sereSearBean.insiId=INS000000547&sereSearBean.sereId=001868
F_politics_legislation_unification,한국정치연구,KCI 등재,서울대학교 한국정치연구소,한국정치사회,연3회,1.02,발행논문 : 연간 29건,총 논문 : 572건,국정,https://www.kci.go.kr/kciportal/ci/seriesSearch/ciSereInfoView.kci?sereSearBean.insiId=INS000003082&sereSearBean.sereId=001880
F_politics_legislation_unification,한국정치외교사논총 (Journal of Korean Political and Diplomatic History),KCI 등재,한국정치외교사학회,정치외교학,연2회,0.6,발행논문 : 연간 17건,총 논문 : 418건,국정,https://www.kci.go.kr/kciportal/ci/seriesSearch/ciSereInfoView.kci?sereSearBean.insiId=INS000000833&sereSearBean.sereId=001329
F_politics_legislation_unification,한국정치학회보 (Korean Political Science Review),,한국정치학회,정치외교학,연4회,1.63,발행논문 : 연간 46건,"총 논문 : 1,283건",국정,https://www.kci.go.kr/kciportal/ci/seriesSearch/ciSereInfoView.kci?sereSearBean.insiId=INS000000834&sereSearBean.sereId=000383
F_politics_legislation_unification,한반도연구 (The Korean Peninsula Studies),,북한통일학대학원연구협의회,북한정치/통일,연1회,0,발행논문 : 연간 0건,총 논문 : 0건,북한;통일,https://www.kci.go.kr/kciportal/ci/seriesSearch/ciSereInfoView.kci?sereSearBean.insiId=INS000010004&sereSearBean.sereId=SER000003463
F_politics_legislation_unification,한백통일경제연구 (Hanbaek Journal of Unification Economic Research),KCI 후보,한라대학교 동북아경제연구원,북한경제및통일연구,연1회,0,발행논문 : 연간 5건,총 논문 : 5건,북한;통일,https://www.kci.go.kr/kciportal/ci/seriesSearch/ciSereInfoView.kci?sereSearBean.insiId=INS000061612&sereSearBean.sereId=SER000006718
F_politics_legislation_unification,현대북한연구 (North Korean Studies Review),KCI 등재,북한대학원대학교 심연북한연구소,북한정치/통일,연3회,1.41,발행논문 : 연간 18건,총 논문 : 265건,북한;통일,https://www.kci.go.kr/kciportal/ci/seriesSearch/ciSereInfoView.kci?sereSearBean.insiId=INS000009652&sereSearBean.sereId=SER000003282
G_social_policy,Capacity Building on Climate Change series vol.3,,고려대학교 세계지역연구소,과학기술/정보통신정책,연3회,0,발행논문 : 연간 0건,총 논문 : 0건,정책,https://www.kci.go.kr/kciportal/ci/seriesSearch/ciSereInfoView.kci?sereSearBean.insiId=INS000008282&sereSearBean.sereId=SER000005521
G_social_policy,HIRA Research,KCI 등재,건강보험심사평가원,의료/복지/사회정책,연2회,0,발행논문 : 연간 13건,총 논문 : 53건,정책,https://www.kci.go.kr/kciportal/ci/seriesSearch/ciSereInfoView.kci?sereSearBean.insiId=INS000050422&sereSearBean.sereId=SER000005933
G_social_policy,Journal of the Korean Welfare State and Social Policy,,연세대학교 복지국가연구센터,문화/사회/보건복지정책,연2회,0,발행논문 : 연간 0건,총 논문 : 0건,정책,https://www.kci.go.kr/kciportal/ci/seriesSearch/ciSereInfoView.kci?sereSearBean.insiId=INS000062565&sereSearBean.sereId=SER000005652
G_social_policy,가족정책연구,KCI 등재,한국가족정책학회,사회과학일반,연2회,0,발행논문 : 연간 9건,총 논문 : 34건,정책,https://www.kci.go.kr/kciportal/ci/seriesSearch/ciSereInfoView.kci?sereSearBean.insiId=INS000069128&sereSearBean.sereId=SER000006220
G_social_policy,노동정책연구 (Quarterly Journal of Labor Policy),KCI 등재,한국노동연구원,사회과학일반,연4회,1.11,발행논문 : 연간 23건,총 논문 : 510건,정책,https://www.kci.go.kr/kciportal/ci/seriesSearch/ciSereInfoView.kci?sereSearBean.insiId=INS000002620&sereSearBean.sereId=001780
G_social_policy,디지털경제사회연구 (Journal of Digital Economy and Society),KCI 후보,정보통신정책연구원,정보통신/기술경제,연2회,0,발행논문 : 연간 12건,총 논문 : 12건,정책,https://www.kci.go.kr/kciportal/ci/seriesSearch/ciSereInfoView.kci?sereSearBean.insiId=INS000054871&sereSearBean.sereId=SER000006643
G_social_policy,문화정책논총 (The Journal of Cultural Policy),KCI 등재,한국문화관광연구원,정책학,연3회,1.06,발행논문 : 연간 19건,총 논문 : 354건,정책,https://www.kci.go.kr/kciportal/ci/seriesSearch/ciSereInfoView.kci?sereSearBean.insiId=INS000002362&sereSearBean.sereId=002099
G_social_policy,민주사회와 정책연구,,한신대학교 민주사회정책연구원,기타사회과학일반,연2회,0,발행논문 : 연간 17건,총 논문 : 202건,정책,https://www.kci.go.kr/kciportal/ci/seriesSearch/ciSereInfoView.kci?sereSearBean.insiId=INS000004652&sereSearBean.sereId=001870
G_social_policy,보건복지 (The Korean Society of Health and Welfare),,원광대학교 장수과학연구소,문화/사회/보건복지정책,연4회,0,발행논문 : 연간 0건,총 논문 : 0건,정책,https://www.kci.go.kr/kciportal/ci/seriesSearch/ciSereInfoView.kci?sereSearBean.insiId=INS000059461&sereSearBean.sereId=SER000005661
G_social_policy,보훈연구,,한국보훈복지의료공단보훈교육,문화/사회/보건복지정책,연2회,0,발행논문 : 연간 0건,총 논문 : 0건,정책;보훈,https://www.kci.go.kr/kciportal/ci/seriesSearch/ciSereInfoView.kci?sereSearBean.insiId=INS000051170&sereSearBean.sereId=SER000005891
G_social_policy,비판사회정책 (Journal of Critical Social Welfare),KCI 등재,비판과 대안을 위한 사회복지학회/ 건강정책학회,기타사회복지학,연4회,1.72,발행논문 : 연간 32건,총 논문 : 537건,정책,https://www.kci.go.kr/kciportal/ci/seriesSearch/ciSereInfoView.kci?sereSearBean.insiId=INS000001990&sereSearBean.sereId=SER000010228
G_social_policy,비판사회정책 제62호~65호,,비판과 대안을 위한 사회복지학회/ 건강정책학회,사회복지학,연4회,0,발행논문 : 연간 0건,총 논문 : 0건,정책,https://www.kci.go.kr/kciportal/ci/seriesSearch/ciSereInfoView.kci?sereSearBean.insiId=INS000001990&sereSearBean.sereId=SER000006076
G_social_policy,비판사회정책 제66호~69호,,비판과 대안을 위한 사회복지학회/ 건강정책학회,사회복지학,연4회,0,발행논문 : 연간 0건,총 논문 : 0건,정책,https://www.kci.go.kr/kciportal/ci/seriesSearch/ciSereInfoView.kci?sereSearBean.insiId=INS000001990&sereSearBean.sereId=SER000006077
G_social_policy,비판사회정책 제70호~73호,,비판과 대안을 위한 사회복지학회/ 건강정책학회,사회복지학,연4회,0,발행논문 : 연간 0건,총 논문 : 0건,정책,https://www.kci.go.kr/kciportal/ci/seriesSearch/ciSereInfoView.kci?sereSearBean.insiId=INS000001990&sereSearBean.sereId=SER000006078
G_social_policy,사회복지정책 (Social Welfare Policy),KCI 등재,한국사회복지정책학회,사회복지학,연4회,1.43,발행논문 : 연간 38건,총 논문 : 956건,정책,https://www.kci.go.kr/kciportal/ci/seriesSearch/ciSereInfoView.kci?sereSearBean.insiId=INS000000890&sereSearBean.sereId=001012
G_social_policy,사회복지정책 18집 (Social Welfare Policy),KCI 등재,한국사회복지정책학회,사회복지학,연4회,1.43,발행논문 : 연간 38건,총 논문 : 956건,정책,https://www.kci.go.kr/kciportal/ci/seriesSearch/ciSereInfoView.kci?sereSearBean.insiId=INS000000890&sereSearBean.sereId=001012
G_social_policy,사회복지정책과실천 (Social Welfare Policy and Practice),KCI 등재,사회복지정책실천회,사회복지학일반,연3회,1.7,발행논문 : 연간 13건,총 논문 : 156건,정책,https://www.kci.go.kr/kciportal/ci/seriesSearch/ciSereInfoView.kci?sereSearBean.insiId=INS000061834&sereSearBean.sereId=SER000005180
G_social_policy,이브릿지 (e-Bridge),,한국정보처리학회,과학기술/정보통신정책,연2회,0,발행논문 : 연간 0건,총 논문 : 0건,정책;국정,https://www.kci.go.kr/kciportal/ci/seriesSearch/ciSereInfoView.kci?sereSearBean.insiId=INS000000930&sereSearBean.sereId=SER000004217
G_social_policy,정보통신정책연구 (International Telecommunications Policy Review),KCI 등재,정보통신정책학회,사회과학일반,연4회,1.64,발행논문 : 연간 18건,총 논문 : 460건,정책,https://www.kci.go.kr/kciportal/ci/seriesSearch/ciSereInfoView.kci?sereSearBean.insiId=INS000001267&sereSearBean.sereId=000415
G_social_policy,정보화정책,KCI 등재,한국지능정보사회진흥원,정책학,연4회,2.63,발행논문 : 연간 23건,총 논문 : 587건,정책,https://www.kci.go.kr/kciportal/ci/seriesSearch/ciSereInfoView.kci?sereSearBean.insiId=INS000002614&sereSearBean.sereId=000552
G_social_policy,한국사회정책,KCI 등재,한국사회정책학회,의료/복지/사회정책,연4회,1.67,발행논문 : 연간 25건,총 논문 : 523건,정책,https://www.kci.go.kr/kciportal/ci/seriesSearch/ciSereInfoView.kci?sereSearBean.insiId=INS000000798&sereSearBean.sereId=001902
G_social_policy,현대사회와 다문화 (Contemporary Society and Multiculture),KCI 등재,대구대학교 다문화사회정책연구소,사회과학일반,연4회,1.48,발행논문 : 연간 20건,총 논문 : 222건,정책,https://www.kci.go.kr/kciportal/ci/seriesSearch/ciSereInfoView.kci?sereSearBean.insiId=INS000009937&sereSearBean.sereId=SER000003715
G_social_policy,환경정책 (Journal of Environmental Policy and Administration),KCI 등재,한국환경정책학회,정책학,연4회,1.06,발행논문 : 연간 29건,총 논문 : 676건,정책,https://www.kci.go.kr/kciportal/ci/seriesSearch/ciSereInfoView.kci?sereSearBean.insiId=INS000001260&sereSearBean.sereId=001481
G_social_policy,환경정책연구 (Journal of Environmental Policy),,한국환경연구원,정책학,연4회,0,발행논문 : 연간 21건,총 논문 : 229건,정책,https://www.kci.go.kr/kciportal/ci/seriesSearch/ciSereInfoView.kci?sereSearBean.insiId=INS000002622&sereSearBean.sereId=001796
